n_updates,policy_loss,policy_entropy,ep_reward_mean,fps,approxkl,explained_variance,clipfrac,time_elapsed,value_loss,total_timesteps,serial_timesteps,ep_len_mean
1,-0.0015995649,2.3000908,-44.64722361223352,46,0.0024941,-7.05718994140625e-05,0.010937501,2.5033950805664062e-05,27.83189,8000,2000,250.67741935483872
2,-0.0040715155,2.2762005,-33.37900028123506,50,0.0062377485,0.013295471668243408,0.06271875,171.56071853637695,23.966084,16000,4000,246.25396825396825
3,-0.0034970518,2.250399,-28.82859252177179,44,0.0053660106,0.04312479496002197,0.06103124,329.4376838207245,19.43504,24000,6000,230.73
4,-0.0015769349,2.2096677,-12.410755693353712,46,0.0057208603,0.05607646703720093,0.06571874,508.6471872329712,23.856785,32000,8000,203.49
5,-0.0015919966,2.1730516,18.129078176394106,43,0.0045918575,0.08965319395065308,0.04831249,681.2936861515045,52.692863,40000,10000,152.61
6,-0.00028222255,2.1107626,27.907831535562874,36,0.006156634,0.1165856122970581,0.07806251,866.0582342147827,78.01112,48000,12000,84.19
7,-0.0045676637,2.0389292,41.21724393654615,39,0.0075136647,0.16913586854934692,0.10053125,1083.5290768146515,68.65116,56000,14000,111.47
8,-0.0032146052,2.0261226,16.059863096289337,37,0.0077498523,0.23666536808013916,0.07678125,1287.807701587677,42.866512,64000,16000,106.68
9,-0.003601406,2.0364833,4.3583499482274055,40,0.0056106034,0.3010050654411316,0.05743749,1501.0776271820068,33.06836,72000,18000,103.99
10,-0.0033403016,1.9160955,12.242902230992913,40,0.006951808,0.34469157457351685,0.07799999,1696.796756029129,58.91776,80000,20000,76.52
11,-0.004693894,1.7679043,45.049462772607804,36,0.009156431,0.3441159725189209,0.11628124,1895.7646989822388,98.526886,88000,22000,85.45
12,-0.0024727783,1.8031801,10.471591078676283,38,0.009833853,0.37836259603500366,0.12028125,2114.402531147003,57.94721,96000,24000,70.51
13,-0.000372394,1.8313099,18.62473967641592,41,0.0038969615,0.44885557889938354,0.034218755,2320.5006506443024,58.703953,104000,26000,71.34
14,-0.0007018288,1.8696028,5.061915641091764,43,0.005002301,0.47119390964508057,0.04709375,2511.1079902648926,61.989502,112000,28000,66.22
15,-0.0003759873,1.5040177,50.01623580098152,38,0.00559946,0.5139830112457275,0.055375002,2696.7034714221954,105.66662,120000,30000,67.33
16,-0.00157881,1.7360038,18.492391741536558,39,0.0041296594,0.38855844736099243,0.034999993,2905.6391320228577,74.00946,128000,32000,65.61
17,-0.0017105854,1.472462,21.628975578993558,37,0.0051901685,0.5456855893135071,0.053218737,3107.1066706180573,63.751514,136000,34000,61.33
18,-0.00031667747,1.2655501,32.76753398451954,38,0.0031957417,0.5944736301898956,0.034031253,3321.7609403133392,120.669716,144000,36000,52.79
19,-0.00074070785,1.6865396,12.309034652076662,40,0.005255813,0.5400217473506927,0.054625005,3529.8073444366455,59.447853,152000,38000,69.11
20,-0.0009982697,1.2662171,39.879417793340984,36,0.007072357,0.5893188118934631,0.059656244,3729.1740386486053,100.24503,160000,40000,55.98
21,-0.0035451702,1.4548897,22.224879859276115,39,0.0052164895,0.6905497312545776,0.050499998,3945.4431161880493,72.973404,168000,42000,57.02
22,-0.00066927855,1.7132261,5.878901124559343,41,0.0044228844,0.7109990119934082,0.0505625,4147.788879394531,41.6566,176000,44000,73.39
23,0.0019656396,1.5306022,36.23519635088742,38,0.00506239,0.6537911891937256,0.054437507,4341.755321979523,72.626686,184000,46000,72.55
24,0.00067055767,1.585372,25.0551384299621,40,0.0072687743,0.6091755032539368,0.081031255,4551.244366407394,61.988857,192000,48000,79.96
25,-0.0020665927,1.6018605,19.865744906999172,41,0.0076912865,0.7403975129127502,0.103906244,4749.1108775138855,57.889908,200000,50000,65.4
26,0.002131599,1.9316491,1.4297002436220645,59,0.011633367,0.48396414518356323,0.13834372,4943.355695009232,39.039833,208000,52000,77.41
27,-0.00011853644,1.0743787,69.00917707197368,37,0.008501468,0.7821584790945053,0.09221876,5077.701735258102,109.78429,216000,54000,59.48
28,0.0016649344,1.805313,24.812351424992084,51,0.012189971,0.3740488886833191,0.145625,5293.365160703659,77.9248,224000,56000,92.48
29,-0.00030919936,1.6512296,27.09981505535543,54,0.01260468,0.4393666982650757,0.18281254,5447.692897319794,84.17174,232000,58000,71.53
30,0.004250204,1.5471435,39.80826282467693,44,0.013561897,0.4558943510055542,0.14353125,5594.097786664963,104.41763,240000,60000,79.71
31,0.005881494,1.4122412,29.023406545594334,41,0.016402138,0.5545111298561096,0.1348125,5774.650194883347,85.232994,248000,62000,74.72
32,0.0033845992,1.3538697,31.30240499585867,43,0.010609153,0.5775755047798157,0.121875,5967.908970832825,95.108444,256000,64000,63.97
33,0.0006984523,1.3113804,37.117972265295684,40,0.007904329,0.6862057745456696,0.09028125,6152.064570903778,77.28089,264000,66000,68.79
34,0.0031418474,1.0861709,49.754788365401325,43,0.01075579,0.6289846301078796,0.12462499,6351.005539178848,116.91037,272000,68000,62.66
35,0.0037267422,1.0057955,68.22882584176958,38,0.010053913,0.8087739646434784,0.108125016,6533.462728738785,82.8642,280000,70000,64.14
36,0.0025546704,1.2261523,50.85333532791585,43,0.011199589,0.7971816509962082,0.11871874,6739.778002738953,71.73594,288000,72000,71.84
37,0.0020821234,1.3303379,51.00515299413353,39,0.010715233,0.6986437737941742,0.121812515,6923.5819392204285,76.459564,296000,74000,80.16
38,-0.0002953411,1.1283635,59.925515445433554,43,0.009095737,0.7469917833805084,0.11034375,7127.8364017009735,88.53365,304000,76000,59.91
39,0.005933415,1.353279,36.227129005417225,44,0.021114055,0.7538983523845673,0.14815623,7311.431360721588,60.03354,312000,78000,78.83
40,0.0028176198,1.3041542,45.23200727123767,42,0.009515991,0.7451026439666748,0.119687475,7493.138373851776,57.62045,320000,80000,87.6
41,0.0023592613,1.199973,50.18832935839892,40,0.008518554,0.7733965069055557,0.10121874,7680.093653917313,69.068596,328000,82000,69.68
42,0.0048783654,1.2178785,45.65779062930495,54,0.019959103,0.8158870488405228,0.17109372,7876.556755781174,59.94594,336000,84000,72.88
43,4.3320615e-06,1.0721312,53.29624718781561,38,0.010143651,0.8406597822904587,0.10890626,8022.492871046066,62.91739,344000,86000,67.66
44,-0.0024138326,1.206668,39.454004265517,42,0.005619155,0.8179708123207092,0.060031246,8228.979105949402,54.85323,352000,88000,75.97
45,0.00031679118,1.2063882,47.36287989646196,39,0.0046370765,0.8462265431880951,0.048437502,8418.850748300552,62.01531,360000,90000,71.9
46,0.018649839,1.3075867,38.84896860443055,41,0.040582635,0.838829755783081,0.27906254,8622.627558231354,45.773857,368000,92000,83.89
47,0.0064983745,0.8914984,62.0437192562595,38,0.023493122,0.8133813738822937,0.179625,8814.294893026352,62.96247,376000,94000,72.0
48,0.0003275174,1.0193201,57.119357589296996,51,0.006907259,0.877567283809185,0.082499996,9022.765863895416,51.11564,384000,96000,71.78
49,-0.001804479,0.88967556,55.8792836118117,43,0.009046171,0.8266312777996063,0.10878123,9177.30165719986,51.875404,392000,98000,67.68
50,0.0032491358,0.78888834,70.77070688631386,45,0.014661027,0.8794926777482033,0.15793748,9361.828118085861,49.014946,400000,100000,66.2
51,0.0003001617,0.93327177,56.65655265275389,45,0.008236612,0.8582450300455093,0.091781266,9538.331526517868,54.089024,408000,102000,73.23
52,-0.00040802482,0.75848234,60.461017107702794,43,0.013769377,0.7833200991153717,0.122343756,9716.090869188309,63.772984,416000,104000,62.62
53,-0.0004813071,0.99905056,44.854133066572246,41,0.007018922,0.8416517376899719,0.0756875,9900.369490861893,54.362133,424000,106000,67.55
54,0.000469747,0.973189,48.58523451630026,49,0.010323637,0.8752748742699623,0.11637501,10091.69924211502,48.632248,432000,108000,76.45
55,0.0017372882,1.0069604,48.796544814631346,38,0.014800094,0.910939447581768,0.14071877,10253.13722395897,37.700924,440000,110000,83.72
56,-0.0005543106,0.8829526,59.71222105145454,40,0.007508441,0.884235717356205,0.081,10459.08800292015,51.031334,448000,112000,66.66
57,0.007881161,1.013908,58.387484656348825,39,0.021776674,0.8953105881810188,0.22412497,10656.254872083664,42.50886,456000,114000,88.38
58,0.0005957652,0.8178212,70.43894166845828,46,0.008217156,0.9201768711209297,0.096,10859.767431735992,31.00641,464000,116000,84.3
59,0.0028665068,0.8768947,66.73479713950306,46,0.016725546,0.9417302869260311,0.1736875,11032.61027956009,25.463728,472000,118000,87.22
60,0.006165234,0.9719122,72.05091587565839,41,0.021027321,0.9354039654135704,0.2269687,11203.550694942474,25.17876,480000,120000,91.76
61,0.001286678,0.9664995,57.27007546219975,41,0.010028404,0.9211081936955452,0.1203125,11395.895778417587,35.702633,488000,122000,97.78
62,0.0019684285,0.6974887,78.1604413125664,41,0.015605879,0.8937410563230515,0.1414375,11586.881924390793,39.910355,496000,124000,75.6
63,0.0034614813,0.82865506,75.39706945288927,41,0.01506119,0.9471860304474831,0.15175,11781.324863433838,22.212063,504000,126000,83.07
64,0.0033995311,0.7478413,71.30676894877107,41,0.01523449,0.9179658144712448,0.14040624,11972.496716022491,21.490225,512000,128000,85.23
65,0.00013725922,0.8749035,73.86290637187659,39,0.0075327978,0.9262768924236298,0.09571875,12166.908876657486,27.406528,520000,130000,88.95
66,-0.0042494335,0.90341043,71.03616865448653,36,0.009338835,0.9271900728344917,0.111375004,12370.460121393204,35.012424,528000,132000,91.48
67,0.0027946124,0.9686227,54.3547745623067,38,0.014374154,0.9077540934085846,0.1729375,12589.436069250107,34.37408,536000,134000,99.4
68,0.00068868,0.81842774,56.10268024981022,39,0.016659092,0.9228748679161072,0.16090624,12794.794636011124,27.030098,544000,136000,105.1
69,0.002415671,0.89011717,70.64914465155452,42,0.014725531,0.9452858977019787,0.16462505,12999.015205860138,19.233032,552000,138000,107.56
70,-9.951947e-05,0.6706398,68.61642326414585,38,0.012057693,0.8756038323044777,0.13103124,13189.300072193146,35.13507,560000,140000,78.79
71,0.0020922783,0.6798446,81.71310251697898,37,0.01776034,0.9382279105484486,0.15515624,13398.176353693008,21.313978,568000,142000,72.55
72,0.0028033566,1.0173154,63.95122103575617,39,0.016203955,0.9313255548477173,0.18909375,13614.312456846237,28.213642,576000,144000,97.11
73,-0.00069978274,0.79259944,79.12401835039257,36,0.005116329,0.9216655194759369,0.054874998,13815.988111972809,33.653805,584000,146000,70.44
74,-0.00238293,0.8340275,59.28414403472096,40,0.014450745,0.8445641696453094,0.156375,14037.185590028763,48.904327,592000,148000,74.67
75,-5.5112694e-05,0.87899905,65.54321612946688,39,0.012684937,0.906469851732254,0.14071877,14232.992205142975,36.071667,600000,150000,76.56
76,0.00017606186,0.9214951,65.79583102475851,39,0.015097076,0.9088023155927658,0.16403125,14434.929120063782,31.329754,608000,152000,97.95
77,0.007066821,0.91594607,61.07325858145952,40,0.059278972,0.9128499180078506,0.19634378,14637.81366944313,36.260567,616000,154000,79.33
78,-0.002856129,0.9681087,56.76314144734293,42,0.010045974,0.9302076548337936,0.12162499,14834.813765525818,30.952738,624000,156000,82.87
79,-0.0013979777,0.8175014,60.36948991134763,41,0.010151597,0.9126216843724251,0.12006249,15024.140796899796,30.279942,632000,158000,80.97
80,0.00015707726,1.0166048,62.11416542097926,42,0.0109145865,0.9342916086316109,0.12890625,15218.400241613388,28.133974,640000,160000,96.0
81,0.00044651228,1.0562454,65.87121393181384,36,0.013319497,0.8886841386556625,0.16109376,15408.08716082573,37.576927,648000,162000,107.26
82,7.103481e-07,1.0154727,61.16832424685359,45,0.01497018,0.9288415089249611,0.17862502,15627.638778209686,30.706224,656000,164000,90.49
83,-0.0018624449,0.95290697,65.68994492501021,39,0.012076986,0.9112730175256729,0.13628127,15805.323799848557,36.71407,664000,166000,91.45
84,8.862604e-05,0.8956926,69.25320795960724,39,0.014993154,0.9291795715689659,0.15568748,16006.97401189804,33.497036,672000,168000,81.35
85,-0.0014943879,0.95780075,71.3786359909922,43,0.0117964195,0.9388390630483627,0.1284375,16208.461351633072,27.588646,680000,170000,83.5
86,-0.0011003916,1.1160012,51.43309970971197,45,0.012359091,0.9260581433773041,0.14109376,16390.47820663452,32.780525,688000,172000,92.12
87,-0.0019859523,0.97011787,61.52458806257695,38,0.010983759,0.9138791635632515,0.14134376,16564.49168777466,36.896782,696000,174000,81.99
88,-0.0017890078,0.98583025,55.90740409929305,42,0.009180703,0.8964424505829811,0.112156235,16769.81663274765,41.88265,704000,176000,80.72
89,-0.0012558398,0.8670685,68.39980866443366,37,0.0116586685,0.8887595534324646,0.12356249,16958.025531053543,43.141582,712000,178000,79.13
90,-0.0040903357,0.683629,69.87008998576552,44,0.01949029,0.8046265244483948,0.19012503,17171.3721203804,37.348103,720000,180000,65.78
91,-0.0010789196,0.81009567,70.65305192586034,37,0.011816696,0.9121826887130737,0.13784374,17351.92750120163,28.458443,728000,182000,77.77
92,-0.0008265248,0.8312924,84.42196974072606,41,0.010736971,0.9260023534297943,0.122062504,17565.3811545372,25.725307,736000,184000,66.01
93,0.00035697813,0.9245205,80.31624619003385,39,0.007956279,0.9262493848800659,0.091281235,17760.038228988647,32.858135,744000,186000,73.71
94,-0.0032055438,0.83355844,74.67700641591102,38,0.008888801,0.9358114451169968,0.1035625,17962.698086500168,25.460007,752000,188000,72.77
95,0.0013785034,0.89759815,81.1494388097152,40,0.017559854,0.9458896219730377,0.20428124,18171.138324975967,22.631006,760000,190000,82.06
96,-0.0027618136,0.75307465,72.9982959407568,49,0.012524641,0.879959374666214,0.14225002,18367.746462583542,37.77924,768000,192000,67.82
97,0.0010103367,0.6855192,76.52582209169864,45,0.013748924,0.8689396381378174,0.14146876,18530.79870724678,29.148376,776000,194000,63.53
98,-0.0013344577,1.0830966,75.6780738627538,41,0.010950552,0.9271478354930878,0.13728127,18705.13360595703,29.979,784000,196000,88.22
99,0.0013420207,1.1387936,70.81661207862199,42,0.02159671,0.8956150561571121,0.23278128,18898.277952432632,38.388966,792000,198000,92.49
100,-0.0031396942,1.0210137,68.67511761717498,41,0.009624102,0.8885674327611923,0.114312515,19087.947657585144,41.14539,800000,200000,85.61
101,0.005770067,0.94607806,78.67924288477748,40,0.027774712,0.9114552438259125,0.24731253,19278.756047725677,25.306873,808000,202000,85.51
102,0.0035699385,1.039294,72.25179742045701,41,0.021473126,0.9276237636804581,0.18537496,19476.270385742188,27.624344,816000,204000,76.39
103,-0.000782608,1.1390139,74.7548165871948,40,0.01284778,0.9258050546050072,0.14518753,19668.715058088303,25.535032,824000,206000,82.28
104,0.004241593,0.8946254,79.94732267726212,40,0.021471074,0.908411517739296,0.20325002,19863.859196424484,26.449661,832000,208000,60.47
105,0.003984686,1.1811529,79.68941933125258,39,0.02145217,0.9134959653019905,0.22318752,20061.142812252045,31.271868,840000,210000,80.88
106,0.0023898408,0.928341,72.8232781932503,41,0.02667591,0.9044584557414055,0.18193752,20264.54404258728,43.467567,848000,212000,71.76
107,0.00039208715,1.1868678,66.9848257387057,48,0.017549746,0.8481302708387375,0.19828126,20457.754174232483,55.061234,856000,214000,80.67
108,-0.0024107445,1.029652,75.52338937755674,38,0.01504159,0.8767374977469444,0.16359377,20623.578364133835,45.202763,864000,216000,62.35
109,-0.0014072111,1.1325139,67.0527295986563,41,0.012386657,0.8820648714900017,0.14500001,20830.402638435364,46.643158,872000,218000,78.06
110,-0.0026160963,1.0693442,67.81850882414729,41,0.00952644,0.8551996052265167,0.119718745,21021.120869398117,51.220165,880000,220000,73.06
111,0.0017781416,0.87602395,74.00009854875505,44,0.020840803,0.9108477383852005,0.19731253,21215.76828455925,23.681625,888000,222000,63.63
112,-0.0052558007,0.8180466,83.41222195174545,42,0.012260023,0.9181812182068825,0.14065623,21395.769087076187,24.16858,896000,224000,66.41
113,0.00034169425,0.7552357,96.39949162200094,39,0.008832457,0.9251019954681396,0.102812506,21585.140442609787,23.26007,904000,226000,59.94
114,-0.0008649995,1.018568,72.4068377109617,44,0.010799252,0.8887899443507195,0.12712501,21789.28292632103,38.4125,912000,228000,70.56
115,-0.002021461,0.86827797,71.74777662243694,47,0.011766565,0.8852034509181976,0.122281246,21969.8539955616,42.057533,920000,230000,65.15
116,0.004331687,0.7732266,91.99858419157565,39,0.020542646,0.8945464864373207,0.19618751,22139.616291046143,22.570393,928000,232000,65.57
117,-0.0018530304,0.9117424,74.58784269545227,41,0.0097581195,0.9170738533139229,0.11503126,22343.099141597748,25.437826,936000,234000,72.9
118,0.00089176244,0.82243985,69.93112863261253,38,0.008180184,0.849257305264473,0.08634375,22535.949499845505,48.061523,944000,236000,61.48
119,-0.008836851,0.8126815,76.22744137831032,44,0.010238219,0.8570588976144791,0.12740625,22742.701687335968,34.199234,952000,238000,72.97
120,0.00035876286,0.90212786,71.01366391751915,39,0.017050736,0.8585165292024612,0.1739375,22924.028040647507,41.61233,960000,240000,60.75
121,0.0017121773,0.82575315,76.58986036770045,39,0.019796446,0.867927223443985,0.19584371,23129.108043909073,38.067257,968000,242000,61.22
122,-0.00059392885,0.757811,76.3927178331092,41,0.022815827,0.8442785143852234,0.18693745,23332.401324510574,41.062263,976000,244000,61.41
123,0.0004734562,0.9357192,72.28114374447614,44,0.019845486,0.8976885676383972,0.184625,23523.4675924778,34.975994,984000,246000,78.09
124,0.0023277747,0.9822995,70.49226805027574,45,0.015725186,0.9159356132149696,0.16062503,23701.517113924026,35.279423,992000,248000,88.63
125,0.0069663026,0.8505141,80.897427601479,41,0.03253179,0.8943067491054535,0.25875005,23877.507602214813,25.33923,1000000,250000,70.48
126,0.0021888525,0.9264816,79.1014676631242,39,0.025812028,0.8874673172831535,0.24253123,24072.136652708054,40.137848,1008000,252000,67.79
127,0.0005423544,0.91624814,74.41948251068592,41,0.017089618,0.9163995087146759,0.1819063,24276.82594895363,27.648182,1016000,254000,70.77
128,-0.0043183854,0.8505215,72.45783811241388,44,0.012167945,0.9075318574905396,0.1335625,24468.686205863953,28.622396,1024000,256000,61.43
129,0.0006698796,0.87527615,73.37721090588718,40,0.01785793,0.9016133025288582,0.16546872,24648.780148983,33.44088,1032000,258000,72.09
130,0.0032675262,0.83808625,69.98632105924189,42,0.025024109,0.8680458813905716,0.17403127,24844.37441921234,43.2979,1040000,260000,66.12
131,-0.0032443863,0.747198,80.572188693434,38,0.013839795,0.8469651937484741,0.124687515,25033.72292804718,48.704998,1048000,262000,65.06
132,0.0036329227,0.6951535,82.12174328435212,38,0.021484438,0.8973585143685341,0.16378124,25240.898493289948,23.829721,1056000,264000,57.65
133,-0.0021801936,0.6058918,88.73216362770647,32,0.01084395,0.8526902198791504,0.10840623,25446.36181998253,40.844933,1064000,266000,56.92
134,0.00040869653,0.9003506,69.77938026282936,40,0.013393415,0.8994675576686859,0.16018748,25690.593982696533,39.424194,1072000,268000,76.51
135,0.0004007748,0.73464847,67.45181421808898,42,0.012459898,0.7520413398742676,0.12921877,25889.320969343185,48.986477,1080000,270000,60.33
136,0.0017814154,0.70307046,71.35111546590925,42,0.020244416,0.8189234584569931,0.17706248,26078.152626752853,48.459385,1088000,272000,61.87
137,-0.00033545043,0.76615,71.26524281010032,40,0.022060513,0.8216123282909393,0.20509376,26264.902816534042,54.935043,1096000,274000,65.04
138,0.0033678422,0.8124968,74.19755531419068,40,0.01438947,0.9173735529184341,0.13409378,26461.24370265007,28.515228,1104000,276000,67.79
139,0.0002501274,0.8243001,88.23928578279913,40,0.01597189,0.9293316155672073,0.16915622,26658.264006614685,19.645882,1112000,278000,85.49
140,0.0034804319,0.6327964,92.91619821600617,37,0.017194755,0.8962944746017456,0.14346874,26853.670919179916,19.628769,1120000,280000,67.8
141,-0.00029837698,0.7459921,72.31588402364403,46,0.009477379,0.8716533780097961,0.11081249,27067.903270483017,39.38004,1128000,282000,70.13
142,-0.0027945163,0.7746674,80.89755954716355,38,0.009994443,0.9196962118148804,0.111625016,27241.15823698044,26.620697,1136000,284000,73.49
143,-0.00012542203,0.8822812,71.70173424858599,39,0.016119663,0.9165962412953377,0.15387498,27448.44816851616,25.045607,1144000,286000,72.08
144,-0.0008451032,0.5678755,88.3276339770481,39,0.01946816,0.7182685434818268,0.17131254,27653.021370887756,33.895878,1152000,288000,59.05
145,0.0019064104,0.7616857,77.58922457445414,43,0.026404995,0.8789292350411415,0.18206254,27854.02538371086,28.48226,1160000,290000,84.85
146,-0.0022758376,0.7166542,73.37873966995626,48,0.013727134,0.8354741185903549,0.15234381,28037.809123039246,32.454304,1168000,292000,65.59
147,-0.0036903378,0.83212197,70.06999633867294,41,0.013528282,0.9281657934188843,0.14762498,28202.11988067627,22.272373,1176000,294000,73.06
148,-3.5421166e-05,0.540155,91.40019135612994,39,0.008648044,0.9326457008719444,0.08725,28393.475661993027,16.144058,1184000,296000,64.74
149,0.0005185665,0.711121,88.9926288509369,37,0.013538989,0.8764092549681664,0.14534372,28595.19551205635,27.765726,1192000,298000,72.41
150,-0.002228154,0.7121046,85.80921153668314,51,0.0094258515,0.9038200229406357,0.11384375,28809.728979825974,16.316322,1200000,300000,67.98
151,-0.0029996252,0.71869564,86.98504537638277,42,0.012923398,0.9410269632935524,0.13890626,28964.600454092026,11.605881,1208000,302000,67.05
152,-0.003661962,0.73327255,75.96367929071188,39,0.017284293,0.8197117745876312,0.1798125,29152.73913860321,33.233765,1216000,304000,54.98
153,-0.00041470432,0.78888375,82.62883616998792,42,0.01696471,0.7352059185504913,0.15768752,29355.35969567299,31.321249,1224000,306000,59.18
154,-3.6280944e-05,0.78648,74.29482804257422,38,0.01147744,0.9276203736662865,0.11678124,29545.840674638748,19.22492,1232000,308000,60.61
155,-0.0039072135,0.88141716,79.22350279599428,40,0.012871595,0.9097943976521492,0.13724999,29751.517145633698,29.781225,1240000,310000,71.99
156,-0.0046004327,0.81930816,77.3556125741452,39,0.017800217,0.8032999336719513,0.18165623,29948.112269878387,30.78132,1248000,312000,64.73
157,-0.0037209592,0.9197034,76.6228792925179,46,0.019414214,0.9012419953942299,0.18865626,30149.481159210205,29.225992,1256000,314000,72.1
158,-0.00180084,0.7065652,84.20259113065899,43,0.016451625,0.8978021219372749,0.15528128,30322.96921992302,22.92443,1264000,316000,62.86
159,-0.0043549435,0.6278738,90.03059777311981,40,0.011882511,0.8235126584768295,0.12018752,30504.88973593712,15.801422,1272000,318000,55.68
160,-0.0011945065,0.7697033,77.522613992244,42,0.014351315,0.7480701506137848,0.1481875,30703.77291250229,34.854774,1280000,320000,64.01
161,0.008903109,0.66298324,83.17651651721448,37,0.04880568,0.8249583095312119,0.29837498,30893.168132781982,21.885206,1288000,322000,56.17
162,0.002425461,0.7336943,79.85339644592256,39,0.014884902,0.8304795026779175,0.1528125,31104.535611629486,33.946682,1296000,324000,57.8
163,-0.00021619695,0.78092,80.81842036124318,42,0.016036898,0.8995662033557892,0.15534376,31305.013097286224,22.25429,1304000,326000,64.16
164,-0.0010676832,0.69359785,82.19301754489541,38,0.009402949,0.7892584353685379,0.10071874,31495.199500322342,32.917156,1312000,328000,62.46
165,-0.002616259,0.8831922,80.53595645532012,43,0.014015584,0.8345221728086472,0.15040624,31700.470520973206,33.73024,1320000,330000,70.39
166,9.475662e-05,0.8500606,77.95683266639709,40,0.012857613,0.7047231495380402,0.14956251,31884.06557226181,53.88447,1328000,332000,68.5
167,-0.0031277898,0.759424,68.862076895684,37,0.014207116,0.7474169433116913,0.15425001,32079.42387032509,38.688213,1336000,334000,53.88
168,-0.0062933625,0.78611666,80.03362595889718,42,0.023534272,0.8154131174087524,0.18496878,32294.87122106552,20.474144,1344000,336000,63.59
169,-0.0013527458,0.7236301,84.67478670116515,39,0.015320758,0.8355322927236557,0.15053126,32482.089201450348,35.147778,1352000,338000,58.99
170,-0.0023145108,0.6989344,91.85268886119127,40,0.016147498,0.7569802105426788,0.16749999,32683.405916690826,20.798925,1360000,340000,68.71
171,-0.0016271148,0.84811527,90.06859900493174,47,0.016084252,0.8981597349047661,0.17309374,32879.75910282135,15.556006,1368000,342000,79.61
172,-0.0006637221,0.63431454,86.64706721182912,46,0.018999506,0.8576037883758545,0.15178125,33049.75311112404,9.999173,1376000,344000,59.84
173,-0.0027789827,0.637077,87.77294185843319,39,0.023740433,0.7954220026731491,0.17306252,33222.75333046913,20.340624,1384000,346000,59.74
174,-0.0033004696,0.74521756,95.3308515407145,38,0.013578163,0.8845879584550858,0.13193749,33424.266238451004,19.290619,1392000,348000,70.75
175,-0.0019353132,0.8022875,77.93767181128264,38,0.014693283,0.9112557023763657,0.1485625,33631.60843157768,24.059204,1400000,350000,63.75
176,-0.0003772207,0.77756876,85.72876978415997,43,0.014922538,0.85157310962677,0.16906253,33837.031631946564,21.736471,1408000,352000,63.39
177,-0.0042295908,0.7649504,94.16832220058888,43,0.0070556733,0.9185744822025299,0.08690624,34022.32522249222,12.064743,1416000,354000,74.34
178,-0.0064133196,0.6880469,81.55115796726197,39,0.01254198,0.6591743528842926,0.1246875,34207.42759823799,47.48937,1424000,356000,55.18
179,-0.0031003645,0.6251177,91.00974298011512,38,0.013839538,0.902449406683445,0.1339375,34410.701389074326,13.543642,1432000,358000,59.41
180,0.0022775284,0.75680274,82.1147103631869,40,0.01526814,0.8932692259550095,0.14012498,34616.6742208004,23.769596,1440000,360000,66.58
181,-0.002351331,0.9512585,78.91213329523802,41,0.010538535,0.8531381785869598,0.12274999,34814.59828424454,34.08499,1448000,362000,66.14
182,0.00012518752,0.78602016,84.20357472516596,40,0.011748475,0.8217103630304337,0.13700001,35006.927315711975,32.85355,1456000,364000,67.0
183,-0.0031816843,0.69773024,89.59108310736715,41,0.011289341,0.8714622110128403,0.12571874,35203.7307472229,22.430895,1464000,366000,62.29
184,-0.007150025,0.75230324,85.2270938365534,40,0.008648759,0.8440147489309311,0.103562504,35397.88752269745,31.735628,1472000,368000,65.75
185,0.0003249707,0.7448012,84.62708245534449,38,0.017855538,0.6654321551322937,0.18224998,35596.58576130867,24.844685,1480000,370000,64.22
186,-0.0024223758,0.60765624,91.52581656329333,39,0.009855258,0.7697155177593231,0.11490626,35806.15497994423,13.447543,1488000,372000,56.52
187,-0.00037442168,0.7484588,88.35919453147798,40,0.019373575,0.8066589534282684,0.19628125,36007.11146020889,10.814087,1496000,374000,69.41
188,-0.004057389,0.7271288,90.53903603691607,37,0.024351776,0.8220650404691696,0.21531248,36203.91548156738,13.912872,1504000,376000,58.96
189,-0.0012406645,0.7224228,81.73277113500983,41,0.013151075,0.8705002069473267,0.14831251,36415.33656024933,14.310405,1512000,378000,60.26
190,0.0027334485,0.7204504,84.0342436285317,37,0.028495532,0.726264238357544,0.19700001,36607.18527626991,26.478836,1520000,380000,61.33
191,-0.0018986228,0.702781,84.3001016325131,40,0.015574285,0.8076768219470978,0.16265626,36819.34524655342,30.28176,1528000,382000,62.17
192,-0.005589965,0.78567225,82.86304742000998,43,0.012353628,0.777139738202095,0.15062502,37015.87639737129,24.125795,1536000,384000,59.52
193,0.0015619654,0.7870407,81.37898186221719,47,0.019674612,0.8402397781610489,0.2067813,37199.21383523941,19.507156,1544000,386000,55.59
194,0.0020755227,0.6707475,79.88405907206237,44,0.035372283,0.6149463355541229,0.246625,37367.977187633514,29.337694,1552000,388000,58.03
195,-0.000912564,0.6610774,82.58516888462007,39,0.012442001,0.6712637543678284,0.13478129,37548.01953911781,27.805496,1560000,390000,52.1
196,-0.0044494797,0.61381334,83.66270762410015,35,0.008671225,0.6874770522117615,0.099156246,37749.344355106354,46.16869,1568000,392000,61.44
197,-0.0029280258,0.79020375,83.37622161217034,53,0.011272095,0.8065209984779358,0.12403125,37972.814799785614,31.376368,1576000,394000,75.81
198,0.0010295522,0.8020969,81.90751629788429,45,0.017107856,0.8916059210896492,0.17143755,38122.77275276184,18.561354,1584000,396000,60.33
199,-0.0028339643,0.73445535,84.58356847979128,39,0.01939269,0.7569222450256348,0.17765623,38297.105499982834,20.733183,1592000,398000,62.48
200,-0.0035800699,0.75109273,87.19846620541065,41,0.0054022437,0.80002361536026,0.0606875,38497.16523313522,30.470842,1600000,400000,65.4
201,-0.0049948394,0.63753873,86.43850802004337,39,0.010050039,0.8003755807876587,0.10575001,38690.682503700256,12.089354,1608000,402000,53.54
202,-0.0018393536,0.6611418,88.66552351087331,43,0.024392879,0.7390362024307251,0.21540621,38890.77634906769,13.614696,1616000,404000,57.58
203,0.0015555812,0.7213059,89.25996211770922,40,0.01802282,0.7855584621429443,0.18571877,39073.65477228165,19.067202,1624000,406000,56.34
204,-0.0011892614,0.73887146,91.45042348913849,41,0.012135816,0.8618491441011429,0.12743749,39269.25999331474,19.831354,1632000,408000,65.32
205,-0.0048231096,0.7527211,83.42885225247592,40,0.010400326,0.8333243876695633,0.11075001,39463.75374054909,21.854053,1640000,410000,62.26
206,-0.0020951156,0.7909309,87.53224429633468,41,0.014488459,0.8328948318958282,0.16118751,39660.37247657776,20.280647,1648000,412000,65.8
207,-0.000567572,0.534696,93.09884015142917,36,0.006080003,0.8723573833703995,0.052812494,39853.09292387962,9.384762,1656000,414000,48.12
208,-0.003592681,0.8645439,81.60562150985002,43,0.0119161075,0.8649842888116837,0.1241875,40074.13870859146,19.825012,1664000,416000,67.86
209,-0.0012612538,0.7460361,90.27360445648432,35,0.013984476,0.7644553333520889,0.14171875,40260.094115018845,27.151402,1672000,418000,64.41
210,-0.0034904226,0.8217244,85.89117889698595,42,0.01786852,0.824878454208374,0.17253125,40486.53493952751,16.583143,1680000,420000,60.06
211,0.006930495,0.9284858,81.58539447907359,38,0.037726857,0.7272973656654358,0.28193745,40676.74834537506,19.525803,1688000,422000,64.84
212,-0.0039279438,0.8271635,85.73471336960793,39,0.02432826,0.8603463768959045,0.2138437,40883.71420478821,14.906635,1696000,424000,64.67
213,0.00053510425,0.7359043,91.38084070332349,38,0.017346447,0.8501105755567551,0.16690621,41084.25468993187,15.687758,1704000,426000,54.55
214,0.0015499896,0.624924,93.5865817199275,39,0.032164425,0.7672883123159409,0.20903125,41293.17850470543,16.074991,1712000,428000,66.18
215,0.0005007643,0.711447,87.89248333923518,41,0.018870626,0.9107071459293365,0.17146876,41497.54366970062,8.910292,1720000,430000,61.51
216,0.002545066,0.6372143,93.85697497796268,39,0.021133551,0.7727666199207306,0.17240624,41688.72900104523,17.940996,1728000,432000,59.18
217,-0.004377894,0.8274681,84.61892848148942,41,0.015862232,0.8097891062498093,0.14903125,41891.82150912285,23.013636,1736000,434000,62.08
218,-0.00010100994,0.7593046,81.88098500803113,37,0.023691187,0.8128848522901535,0.21037497,42086.10558605194,26.685947,1744000,436000,58.34
219,-0.0025549792,0.88475907,84.7383156023547,36,0.013901757,0.8728615641593933,0.14862499,42300.444121837616,26.059704,1752000,438000,68.23
220,-0.00021190355,0.54503834,91.11837475832552,40,0.030919887,0.5458931028842926,0.21021873,42517.048697948456,24.497646,1760000,440000,49.99
221,-0.004115681,0.6539132,84.84115085653961,38,0.011801048,0.65174400806427,0.124812506,42713.74770760536,36.905018,1768000,442000,59.36
222,-0.004415224,0.8043929,81.81224525608123,39,0.020332308,0.7076131999492645,0.20712496,42923.03009581566,25.865944,1776000,444000,54.5
223,-0.0060982634,0.7658899,69.31414311781526,37,0.012248141,0.7011590600013733,0.13853124,43126.21418380737,68.01556,1784000,446000,57.43
224,-0.0017059796,0.64650315,81.1377345066145,40,0.012637028,0.7307482659816742,0.12081249,43339.483013153076,44.08341,1792000,448000,53.42
225,-0.0055350293,0.69416857,90.82642196595668,36,0.011321035,0.7833008915185928,0.12428126,43538.44178175926,40.393456,1800000,450000,61.4
226,0.003818959,0.7697894,74.92757953491062,39,0.025271732,0.8206955194473267,0.19218752,43756.367892980576,37.155262,1808000,452000,57.29
227,-0.0026020403,0.78375834,76.4118159255758,37,0.009396592,0.8239645808935165,0.10484373,43959.28285861015,37.781258,1816000,454000,63.01
228,-0.0024545395,0.56687164,87.79231784965843,37,0.008725699,0.7380761802196503,0.08715626,44175.00956654549,31.207588,1824000,456000,54.45
229,0.00040538382,0.78456736,75.56194633036851,40,0.020423599,0.6630166471004486,0.16793753,44389.036620140076,29.550709,1832000,458000,53.84
230,0.004067946,0.7703499,81.69115284092724,40,0.01985195,0.8377395123243332,0.16781251,44588.63550257683,12.685741,1840000,460000,54.42
231,0.004464522,0.74757093,80.86319781370462,45,0.026099326,0.6811332702636719,0.21415626,44788.062750816345,26.152763,1848000,462000,61.74
232,-0.004986504,0.725249,86.02413889311254,40,0.010294378,0.7651325613260269,0.12849998,44965.043617486954,29.240746,1856000,464000,60.69
233,-0.0062930617,0.7393366,89.43082716505974,35,0.011933087,0.7465885877609253,0.12965626,45163.795348882675,37.892193,1864000,466000,57.96
234,-0.0053110775,0.669021,85.10652654912323,39,0.008453311,0.5206771492958069,0.09143749,45388.28869462013,52.39211,1872000,468000,53.45
235,-0.001359234,0.6970545,81.67322380650789,51,0.022808928,0.5697121918201447,0.20771879,45588.43204665184,22.73495,1880000,470000,56.71
236,-0.0025058438,0.6946276,76.97105699066073,41,0.017915308,0.7601479887962341,0.16565624,45742.35449576378,24.478601,1888000,472000,50.08
237,-0.00026702604,0.66284144,83.04805090676993,41,0.010850915,0.5932372808456421,0.11903125,45934.550077438354,13.876735,1896000,474000,55.26
238,0.011440742,0.6158559,88.7480664473027,41,0.09277893,0.6691961884498596,0.28409374,46128.100981235504,20.52938,1904000,476000,59.29
239,-0.003917142,0.86455184,72.70274967838078,40,0.009524066,0.8122294694185257,0.1125,46322.44017624855,58.179817,1912000,478000,63.41
240,-0.008838622,0.8417897,69.19048361498862,49,0.012937087,0.7031609117984772,0.15443748,46520.70294690132,59.55819,1920000,480000,62.86
241,-0.005005428,0.7245591,72.96123598992824,45,0.012316599,0.5524961948394775,0.14015625,46683.58724594116,54.21115,1928000,482000,62.03
242,-0.0036020372,0.74510133,72.72393876843154,39,0.0137148015,0.7058672606945038,0.14865625,46859.40592312813,50.679356,1936000,484000,58.24
243,-0.009027752,0.65556663,79.6266059166193,41,0.0149948755,0.6914558708667755,0.14975002,47063.795318603516,51.433346,1944000,486000,61.35
244,-0.001526902,0.65849584,83.05314157884568,39,0.009836443,0.6069360375404358,0.11590627,47255.29298043251,34.35952,1952000,488000,56.4
245,-0.0033859874,0.68539524,85.72153776958585,41,0.011515339,0.8077225983142853,0.13290624,47459.60860824585,29.066837,1960000,490000,57.22
246,-0.0012731297,0.66159505,89.37764737769962,40,0.01436554,0.9217561259865761,0.14790621,47654.36245059967,15.498248,1968000,492000,59.22
247,0.00057598297,0.7323197,81.43538694508374,39,0.015962766,0.8065873980522156,0.15262501,47849.85388755798,25.244795,1976000,494000,57.73
248,-0.0006110781,0.70522094,89.44138581044972,40,0.014701583,0.8693547397851944,0.12387502,48053.1131465435,13.594406,1984000,496000,64.98
249,-0.00055264845,0.757828,77.73163335472346,41,0.013030016,0.8702347725629807,0.14406246,48250.62192392349,24.906837,1992000,498000,56.44
250,-0.0048499983,0.6584028,89.50072839427739,38,0.016454566,0.8610396087169647,0.14309372,48443.11629486084,23.958874,2000000,500000,56.0
251,-0.0025914134,0.632144,88.2314219351858,45,0.007983744,0.7968235909938812,0.083562516,48648.66964864731,6.3612375,2008000,502000,58.11
252,-0.0014425205,0.5722964,92.18344756640494,37,0.009843173,0.8119740337133408,0.098343745,48825.81809949875,8.605593,2016000,504000,51.52
253,-0.0037501508,0.6583819,87.37211688194424,42,0.012830337,0.8289423137903214,0.122499995,49041.710171461105,16.753077,2024000,506000,59.89
254,-8.86303e-05,0.75706387,92.04564204733819,36,0.02013102,0.9091398566961288,0.16493751,49228.165226221085,11.783875,2032000,508000,67.09
255,-0.0064602382,0.71587205,95.14389707759022,43,0.016020544,0.7557103186845779,0.14934374,49449.99036359787,11.687414,2040000,510000,67.63
256,-0.0024136645,0.6592951,86.9291228904575,37,0.009818343,0.8314470648765564,0.100218736,49633.54790711403,7.4174075,2048000,512000,55.0
257,-0.0040500057,0.64143676,96.71342012450098,37,0.012911653,0.8323599100112915,0.12784372,49848.021567344666,8.331458,2056000,514000,61.85
258,0.0006341413,0.6743509,91.75595326498151,40,0.01810918,0.8390436172485352,0.15362503,50058.74771928787,16.505665,2064000,516000,60.54
259,-0.0007311158,0.62383765,95.36066648840904,42,0.025054142,0.8779660686850548,0.195875,50256.677787303925,4.9870543,2072000,518000,62.04
260,-0.0048090154,0.72334564,86.11185572840273,41,0.010799835,0.8287383168935776,0.11699998,50445.55449652672,24.941751,2080000,520000,57.14
261,0.0026843713,0.6268754,89.29119736850262,36,0.026868504,0.7013413608074188,0.20056255,50639.07739138603,19.64897,2088000,522000,62.4
262,-0.0032025399,0.6253065,82.13697299361229,44,0.013332728,0.4739149808883667,0.12981248,50859.287043094635,33.75987,2096000,524000,56.03
263,-0.00032549148,0.6589242,88.87565709780901,42,0.025303725,0.672796905040741,0.17596877,51040.36495733261,17.47262,2104000,526000,63.44
264,-0.0036751374,0.5179882,94.87829749781639,38,0.0089968005,0.6593146920204163,0.09575,51227.16435289383,20.422945,2112000,528000,55.17
265,-0.004692896,0.68531144,86.31368824046105,43,0.00962592,0.7990985810756683,0.11065624,51433.129242658615,6.0131793,2120000,530000,53.29
266,-0.0008411142,0.72378117,88.3500855845213,36,0.007879227,0.88457952439785,0.08987499,51616.39258790016,14.862379,2128000,532000,59.9
267,-0.0025927727,0.7179773,88.55650017701089,42,0.016578354,0.6863379180431366,0.15771873,51838.41436481476,12.291234,2136000,534000,63.67
268,0.00019600525,0.57335943,96.45791137229651,34,0.015996724,0.6506754755973816,0.14821877,52028.231543302536,23.816776,2144000,536000,61.3
269,0.0004957647,0.5763699,85.53401310678572,50,0.016813481,0.6183782517910004,0.15737501,52262.37649464607,12.172897,2152000,538000,53.89
270,-0.0020182992,0.5515294,82.97362585630268,39,0.016041897,0.6994239389896393,0.1699375,52421.7816464901,11.339925,2160000,540000,47.89
271,-0.0021810373,0.6164231,88.85365318000316,45,0.014907078,0.7496210932731628,0.15909375,52623.62536025047,10.8316145,2168000,542000,60.61
272,0.0020701783,0.6430983,92.70711123038083,42,0.024528593,0.9193142950534821,0.1715625,52799.60472226143,7.8755064,2176000,544000,65.84
273,-0.0037680806,0.44034132,97.261306376867,34,0.012281086,0.7032513916492462,0.11768749,52986.76482248306,18.030941,2184000,546000,51.21
274,-0.0014993425,0.66195107,88.11265590898692,42,0.016143765,0.8182645589113235,0.16153124,53216.78535461426,5.631891,2192000,548000,61.25
275,0.005089099,0.70780915,87.74543501712382,40,0.032524373,0.7198615074157715,0.23031254,53402.87820005417,13.069035,2200000,550000,67.43
276,-0.00018044253,0.6080379,91.60429998923092,36,0.008676722,0.8406476229429245,0.0924375,53602.43053793907,21.423512,2208000,552000,58.29
277,-0.005707904,0.64822316,93.16311512298881,39,0.013556001,0.856782391667366,0.13821876,53824.030426979065,10.862863,2216000,554000,61.41
278,-0.008408884,0.5188097,85.9702351264283,39,0.0075945156,0.6076026260852814,0.08128126,54024.477464199066,25.291449,2224000,556000,49.73
279,0.006082635,0.7455522,92.63934141762554,44,0.044722043,0.8761982917785645,0.22781248,54225.90836930275,10.937284,2232000,558000,63.78
280,-0.0058435374,0.7675018,94.34702185317875,36,0.0077635325,0.8812164589762688,0.088,54404.83721327782,28.178116,2240000,560000,64.05
281,-0.0035031165,0.71940595,86.79526047635824,46,0.012658036,0.8200825154781342,0.12415625,54626.66314816475,6.9597917,2248000,562000,62.94
282,-0.00020732291,0.56315863,86.91398707356304,42,0.010724274,0.8388935029506683,0.100875005,54798.6367020607,8.720837,2256000,564000,47.99
283,-0.0033001702,0.74781966,83.87468182686716,39,0.0118324235,0.6756907403469086,0.1353125,54988.098871946335,20.308073,2264000,566000,63.24
284,-0.0027478696,0.71267307,89.03669049978257,49,0.020263882,0.8030511140823364,0.17159373,55189.623185396194,8.283616,2272000,568000,62.24
285,-0.0033221657,0.7333229,90.16017666269094,44,0.012939142,0.819306343793869,0.13218752,55352.05438733101,10.814907,2280000,570000,59.71
286,-0.0010160466,0.8317681,80.59583263672889,40,0.017660655,0.775867149233818,0.18365625,55530.221742630005,24.852934,2288000,572000,70.83
287,0.00041307334,0.61148083,85.11218256883323,40,0.017066587,0.7981511503458023,0.14571878,55729.503435373306,17.932684,2296000,574000,54.43
288,0.0014927656,0.6598099,88.60171479400248,40,0.017881496,0.8674492388963699,0.14243749,55926.038940668106,12.321874,2304000,576000,62.79
289,-0.005029496,0.68390447,84.345435166955,39,0.01278736,0.6120858788490295,0.13678123,56122.867203474045,20.855326,2312000,578000,62.29
290,-0.0040062424,0.6947912,86.82339484665543,40,0.010971871,0.8331714570522308,0.12821874,56326.22133612633,14.455763,2320000,580000,56.8
291,-0.0011413806,0.58119935,84.31406292401255,36,0.010403612,0.44344794750213623,0.100906245,56524.821336746216,40.170998,2328000,582000,48.98
292,-0.00074883865,0.5869881,95.86699763197451,42,0.022240488,0.8057726174592972,0.15171875,56747.036885499954,9.309976,2336000,584000,57.75
293,-0.0054603256,0.7525658,87.33967997640372,39,0.012185769,0.7864639610052109,0.14415623,56936.310492515564,17.4998,2344000,586000,63.74
294,-0.0022599238,0.6264894,85.39582505777479,42,0.016635966,0.5740056037902832,0.1104375,57136.64701581001,20.185768,2352000,588000,58.43
295,-0.0008965739,0.61770856,86.04946831341833,41,0.010994982,0.8780647739768028,0.116624996,57324.65756249428,3.6112678,2360000,590000,55.05
296,0.0006381314,0.7514366,87.99697308450938,39,0.031237397,0.8954977542161942,0.19925004,57515.45129299164,16.676144,2368000,592000,62.1
297,-0.0033391253,0.6183711,90.9823710815236,37,0.009163106,0.6476259827613831,0.09200001,57719.63607740402,18.506748,2376000,594000,58.58
298,-0.005435951,0.64228886,86.90130307417363,39,0.0062649213,0.8791614100337029,0.07649999,57931.3412899971,9.18723,2384000,596000,55.26
299,-0.0020385976,0.63409287,80.43187638260424,36,0.007728538,0.6459188759326935,0.08484378,58131.472782850266,14.392321,2392000,598000,49.36
300,-0.0032664528,0.6273091,82.00019279461354,42,0.013647694,0.614075094461441,0.13290621,58351.785182237625,24.131649,2400000,600000,59.97
301,-0.0015367292,0.62723535,91.1183752925694,38,0.013293428,0.878110907971859,0.124437496,58541.835030794144,12.4656315,2408000,602000,59.91
302,-0.004710908,0.6723882,82.89726960767061,36,0.013245502,0.8046271800994873,0.14278126,58751.51112365723,39.4936,2416000,604000,57.18
303,-0.0013139661,0.65465236,85.68576473969966,41,0.014509371,0.6286844909191132,0.136875,58969.8421189785,25.078568,2424000,606000,56.79
304,-0.0047923536,0.55192906,80.91898513760418,44,0.006948139,0.585845023393631,0.079312496,59164.159942150116,26.889233,2432000,608000,55.21
305,-0.0032888467,0.617171,85.81626082152128,39,0.014730616,0.6028983891010284,0.15628123,59342.39740419388,25.815115,2440000,610000,56.4
306,-0.0017821691,0.8084203,72.14286938440054,38,0.018848611,0.7199589014053345,0.17478128,59544.84146332741,78.052574,2448000,612000,69.93
307,-0.0015559681,0.63731086,71.09134233109653,38,0.013575412,0.5521604120731354,0.14350003,59754.2943816185,74.74049,2456000,614000,46.58
308,-0.0035800277,0.6546617,82.45443826381117,38,0.010139883,0.7316442430019379,0.1065,59962.05278086662,42.918205,2464000,616000,56.23
309,-0.0043353797,0.75212276,77.00328508663922,40,0.0062747663,0.6606993675231934,0.067781255,60169.58658289909,53.583572,2472000,618000,63.32
310,-0.0074904724,0.74999315,82.10319577418268,48,0.010498348,0.6734381020069122,0.12587501,60367.664343357086,37.84686,2480000,620000,62.04
311,-0.005563651,0.8384364,76.3891784157604,40,0.011548537,0.7393527328968048,0.12478125,60533.91540312767,46.834595,2488000,622000,70.57
312,-0.0059424113,0.67248344,84.19184475135059,37,0.011056641,0.7886911481618881,0.11859374,60733.826068639755,29.244473,2496000,624000,57.62
313,-0.002162428,0.66677254,83.6295098831132,37,0.013956353,0.8420526832342148,0.1098125,60946.54726409912,21.983664,2504000,626000,56.31
314,-0.0040860577,0.73064476,85.39571537364274,36,0.009168658,0.7494469881057739,0.09662499,61159.07341003418,20.676952,2512000,628000,58.89
315,-0.0045946427,0.63833636,85.73335478890687,39,0.009673099,0.6278387308120728,0.103406236,61376.916004657745,30.300215,2520000,630000,57.28
316,-0.0036186648,0.809896,87.05235170297324,43,0.018867966,0.8689847588539124,0.15812503,61578.45205831528,14.006207,2528000,632000,71.24
317,-0.0048404685,0.5442957,92.39483403101563,38,0.00896299,0.6340312361717224,0.09465626,61763.89443898201,20.605762,2536000,634000,51.71
318,-0.0011153478,0.5718181,90.16868276521564,35,0.0131039675,0.8935879170894623,0.11184378,61971.77448272705,5.1442227,2544000,636000,54.35
319,-0.0032140317,0.7130142,86.66943030834199,43,0.011873724,0.6638140082359314,0.12571877,62196.1545984745,11.847473,2552000,638000,59.63
320,0.0017558545,0.6906919,93.19121297646313,35,0.02331931,0.8805859163403511,0.18659371,62381.680178403854,5.0246496,2560000,640000,58.92
321,-0.0035047575,0.58393776,88.90080965958536,40,0.015154332,0.6962572336196899,0.14828126,62605.40903830528,13.927687,2568000,642000,54.15
322,-0.0028970584,0.6624287,86.70964209914207,39,0.010256778,0.7063798606395721,0.110250026,62804.72032546997,12.009998,2576000,644000,59.99
323,-0.0037057046,0.60483617,87.83564240146428,39,0.010535562,0.7477189004421234,0.11275001,63009.6394200325,15.230036,2584000,646000,56.86
324,-0.00041204647,0.66686565,91.20187022645027,47,0.014004957,0.8374827802181244,0.13368748,63213.547981739044,3.90787,2592000,648000,59.26
325,-0.002968419,0.61109364,95.73641950178892,36,0.00863293,0.8259199857711792,0.103375,63382.11441159248,8.762133,2600000,650000,59.34
326,-0.0068663633,0.63432,83.01530138336122,41,0.015080477,0.7819245159626007,0.129375,63599.41852712631,6.150883,2608000,652000,53.27
327,-0.0041285167,0.5906598,96.36057360898704,37,0.006293119,0.7315138280391693,0.07249999,63791.442745923996,10.898938,2616000,654000,56.39
328,-0.00076039066,0.56247115,89.95728910490871,38,0.017137304,0.8401446342468262,0.13640626,64007.25485992432,7.1775894,2624000,656000,56.35
329,-0.004905493,0.57659197,99.23382240101695,42,0.01130823,0.888648547232151,0.122656226,64216.31108379364,5.672917,2632000,658000,59.93
330,-0.008078595,0.59690684,90.19960541129112,39,0.0076800096,0.7383602857589722,0.08628123,64404.37924695015,9.489189,2640000,660000,56.79
331,0.00059961213,0.5684844,93.43326636783779,37,0.012515372,0.772788941860199,0.09431251,64608.98366737366,10.26142,2648000,662000,59.68
332,0.002239652,0.58414495,92.34252850830555,43,0.029768793,0.8162242323160172,0.20940627,64820.23119926453,6.3234057,2656000,664000,59.39
333,-0.0022013604,0.612187,93.69305517483502,37,0.010574857,0.900447428226471,0.11378124,65004.60460805893,2.258307,2664000,666000,60.23
334,-0.00058454595,0.54052806,94.85230242915452,39,0.012406103,0.6814225912094116,0.12475,65220.0911026001,13.809195,2672000,668000,55.11
335,0.0015266831,0.64300764,85.87480876158924,41,0.0159344,0.7939415574073792,0.15290624,65421.19872498512,9.644016,2680000,670000,53.35
336,0.0014390055,0.47884065,93.9409382782504,39,0.0144033255,0.7582316845655441,0.121375,65616.11462044716,10.131468,2688000,672000,55.38
337,-0.00260296,0.52732337,86.99075371805579,40,0.015513491,0.6614523530006409,0.14865625,65817.25614500046,15.112529,2696000,674000,49.06
338,-0.00041498773,0.58340406,84.9199755653739,37,0.008616071,0.761465460062027,0.08728126,66017.15792250633,10.308291,2704000,676000,51.64
339,-0.0029401786,0.58520526,94.71371568322182,40,0.009534909,0.8596637398004532,0.10037498,66228.2586722374,5.5533648,2712000,678000,61.3
340,-0.0020366025,0.5010702,90.05155982203782,41,0.007466366,0.8969361484050751,0.085437514,66427.08398723602,3.3680425,2720000,680000,51.58
341,0.0062504606,0.56599736,93.267630344145,37,0.014069284,0.8057011812925339,0.107,66622.0086004734,12.344263,2728000,682000,58.76
342,0.00028476492,0.6783259,84.16415325906128,39,0.02174667,0.7689163237810135,0.17665622,66835.47820544243,17.233604,2736000,684000,62.8
343,-0.002011467,0.68624204,89.6384685529396,37,0.017163564,0.6635774075984955,0.13675,67039.18333649635,30.403395,2744000,686000,61.34
344,0.001271465,0.73396695,89.3486314656213,39,0.020737318,0.895351380109787,0.1636875,67249.7588403225,3.4602823,2752000,688000,67.31
345,-0.0007444404,0.7199895,84.51189338117838,46,0.013473617,0.7917513698339462,0.12531249,67453.95655441284,15.30654,2760000,690000,61.47
346,-0.0029964277,0.68394035,92.07062102679163,44,0.0130934995,0.8406969308853149,0.1324375,67626.24812555313,5.325386,2768000,692000,63.83
347,-0.0042067696,0.65473187,98.09197090402246,38,0.007774297,0.7329111397266388,0.08953126,67807.92444300652,13.281231,2776000,694000,61.68
348,-0.0077189337,0.591183,86.00624538410455,52,0.010887141,0.7097198665142059,0.109375015,68014.38694500923,8.964359,2784000,696000,55.14
349,-0.005677545,0.63795257,86.28238584261388,40,0.012828884,0.73163703083992,0.11909376,68166.50238370895,15.912274,2792000,698000,59.63
350,-0.0034467552,0.6779045,82.11502659425139,38,0.0098801,0.7557368874549866,0.112218745,68364.42258310318,19.001772,2800000,700000,59.28
351,-0.005251457,0.5187225,93.64215449560433,35,0.012918881,0.7544971853494644,0.12090625,68572.9605474472,12.808232,2808000,702000,52.27
352,-0.004045017,0.5572955,91.8120660231635,39,0.0058025294,0.7570386230945587,0.058062494,68796.27615785599,9.070578,2816000,704000,60.11
353,0.0057175052,0.49697772,95.21304578039795,39,0.06751654,0.722862958908081,0.21128123,69000.83124375343,9.9232855,2824000,706000,58.23
354,-0.0025345823,0.62193775,92.19417281266301,39,0.0079848915,0.6692539751529694,0.086875,69202.70325016975,15.362576,2832000,708000,65.1
355,-0.0060771448,0.7388895,82.62288405891508,36,0.011939429,0.7223535478115082,0.12825,69403.16745066643,31.055988,2840000,710000,66.23
356,-0.005539869,0.59511495,91.04415890317411,37,0.007009395,0.756369411945343,0.078625016,69623.38831305504,13.060281,2848000,712000,59.63
357,-0.0006427772,0.62275815,85.43762427888811,41,0.017433835,0.6303678452968597,0.15203124,69834.31478476524,20.693634,2856000,714000,61.14
358,-0.002061001,0.6002277,92.68826474171132,39,0.009482675,0.752684623003006,0.110593766,70025.65375351906,9.736924,2864000,716000,57.86
359,-0.0006910063,0.5595481,88.79308481283486,36,0.011408091,0.8414491415023804,0.105156265,70228.58421945572,5.5754147,2872000,718000,53.5
360,-0.0035414982,0.5740702,95.57149879999459,38,0.007577039,0.9066425487399101,0.081156254,70450.0309457779,4.3391004,2880000,720000,58.04
361,-0.004390984,0.6280636,87.10544494371861,43,0.014878701,0.7607751041650772,0.1363125,70657.26490354538,17.074564,2888000,722000,61.49
362,-0.0046472,0.6509073,90.44118635736406,44,0.0077028214,0.7249478101730347,0.08546877,70842.10842037201,9.434307,2896000,724000,63.83
363,-0.0020815227,0.5669649,89.50117367334664,36,0.011069916,0.6716023981571198,0.10781251,71021.31549954414,34.947952,2904000,726000,58.16
364,-0.0039767567,0.563125,90.22302832618355,43,0.018055163,0.7027569115161896,0.15981248,71238.84443545341,7.6670527,2912000,728000,53.63
365,-0.003925278,0.44024462,93.70931802969426,41,0.018798491,0.7285445630550385,0.13503125,71424.58109378815,10.744281,2920000,730000,57.34
366,0.0036001655,0.59158635,85.1771730491519,49,0.030328203,0.6326399445533752,0.17399998,71615.8541738987,12.281817,2928000,732000,55.99
367,-0.0026460076,0.5523315,83.97166825022549,48,0.012829938,0.6377469897270203,0.13299999,71779.01827907562,10.098341,2936000,734000,49.19
368,-0.0030854533,0.67813396,89.37619891453534,39,0.015659934,0.7855261117219925,0.15640624,71943.47678518295,14.789548,2944000,736000,60.07
369,-0.003374152,0.71988726,90.99790872659534,37,0.014342433,0.819857582449913,0.15262495,72148.55041790009,9.013412,2952000,738000,65.43
370,-0.000441459,0.5147938,95.73381400164217,36,0.005709605,0.8702168464660645,0.070875,72360.9272608757,9.726386,2960000,740000,59.86
371,0.00054154807,0.62910944,90.40810423534363,41,0.014569345,0.6105174124240875,0.15962496,72579.41794109344,19.243557,2968000,742000,61.07
372,-0.00300217,0.56988394,86.59295931167901,40,0.016305808,0.8229715824127197,0.14190625,72773.99936723709,4.4376636,2976000,744000,55.85
373,-0.0007404516,0.6386212,96.11477104689926,42,0.011140091,0.9358235374093056,0.13143747,72973.37636876106,5.236741,2984000,746000,67.24
374,-0.0044996473,0.5764916,87.93868345689029,40,0.005806949,0.7387452125549316,0.07171876,73160.08421754837,17.793121,2992000,748000,55.37
375,-0.00061154936,0.56505746,91.7406497495994,39,0.017486446,0.921739399433136,0.13953125,73357.47104978561,12.075276,3000000,750000,57.63
376,-0.005671018,0.66923267,86.10035903457552,37,0.008520047,0.7765208035707474,0.095374994,73557.67238497734,34.246593,3008000,752000,59.21
377,-0.0015460012,0.66955894,91.334760421291,46,0.019110318,0.9085108637809753,0.18859378,73772.9714384079,7.906438,3016000,754000,66.32
378,-0.00489159,0.62612796,89.48663298208267,35,0.015307774,0.8124368488788605,0.143,73946.88922739029,28.032637,3024000,756000,57.66
379,-0.0023807741,0.5579622,88.54510148379951,36,0.007620573,0.8063194155693054,0.09003124,74171.40782785416,22.144749,3032000,758000,50.71
380,-0.0012654926,0.69668514,94.32632474072278,39,0.010172283,0.8930944874882698,0.090125,74393.25833153725,10.521321,3040000,760000,64.7
381,-0.0009395004,0.6629935,91.5124336297065,37,0.0109075485,0.7395231127738953,0.113374986,74597.2239458561,27.286777,3048000,762000,62.45
382,-0.0017088946,0.61955345,87.74236000251025,41,0.00869719,0.8293685019016266,0.09296873,74809.0799934864,16.709856,3056000,764000,64.46
383,-0.0022498989,0.631575,87.51109609261155,38,0.01642086,0.7194817364215851,0.15856248,75001.20979714394,11.315919,3064000,766000,60.35
384,2.3361674e-05,0.6527267,88.0074213770777,43,0.011682943,0.7794392555952072,0.119687505,75208.65565466881,13.386743,3072000,768000,60.2
385,-0.0025920682,0.5283373,91.08850721981376,45,0.02740218,0.7472939491271973,0.18062498,75393.55028438568,7.815682,3080000,770000,54.1
386,-0.004803129,0.6203939,92.73202315494419,38,0.00840207,0.635275661945343,0.0929375,75567.5269856453,15.260111,3088000,772000,61.63
387,-0.002392331,0.68858725,85.23723004836589,43,0.013278534,0.7580821663141251,0.14159375,75775.38218355179,20.334057,3096000,774000,61.96
388,-0.004411192,0.6178666,88.12170654825866,39,0.008340541,0.7721516937017441,0.09359376,75960.89020228386,17.158028,3104000,776000,57.41
389,-0.008056987,0.7664115,82.95376974396407,39,0.008776619,0.7571779787540436,0.105437495,76161.60297608376,21.29749,3112000,778000,64.24
390,-0.0014656594,0.5459222,94.96546055290848,40,0.009732811,0.8671980947256088,0.08621877,76362.944637537,12.009432,3120000,780000,53.04
391,-0.0010324769,0.6094898,87.08177675168962,38,0.007059141,0.5193906724452972,0.080812514,76558.0859799385,24.562077,3128000,782000,61.32
392,-0.002231916,0.6229317,96.4532651539892,40,0.0074200854,0.8795510530471802,0.07615626,76764.40692162514,4.7751756,3136000,784000,64.04
393,-0.004664544,0.7225018,88.98707193285227,42,0.0113834785,0.8153228908777237,0.117249995,76961.00130844116,9.849532,3144000,786000,63.57
394,-0.0025832981,0.55742884,90.3726479736343,40,0.012081431,0.8355870693922043,0.12574999,77147.83168554306,7.117101,3152000,788000,53.14
395,-0.0009780239,0.5601615,94.21705059997737,47,0.015118422,0.8905020132660866,0.13834374,77346.76507306099,2.3891704,3160000,790000,61.82
396,0.0012727269,0.5180079,88.31506363034248,38,0.016415149,0.8084311187267303,0.14109375,77515.79669237137,8.285877,3168000,792000,51.37
397,-0.0020770193,0.6645786,94.46606732111424,43,0.012755785,0.7936763614416122,0.12834376,77722.34129476547,5.6408005,3176000,794000,65.23
398,-0.0013373764,0.665892,86.61651577372103,44,0.009279488,0.8472232669591904,0.10753124,77905.88670492172,12.9089155,3184000,796000,56.92
399,-0.0062692976,0.6394226,93.93754323005676,47,0.014070881,0.7012687921524048,0.14212498,78086.22632884979,10.0012045,3192000,798000,67.5
400,-0.003187038,0.68176085,85.83444359056652,42,0.0132376505,0.735601544380188,0.1340625,78255.29098582268,21.507412,3200000,800000,63.42
401,-0.003596845,0.6452396,85.35266826827079,42,0.013454003,0.7303849756717682,0.14015624,78443.16024851799,10.08134,3208000,802000,61.79
402,-0.003397504,0.66718996,89.41360269702972,39,0.00713729,0.8279686123132706,0.08384376,78633.22471380234,24.40814,3216000,804000,62.76
403,-0.0016775499,0.6480235,88.20955378308892,41,0.008404941,0.6069233119487762,0.098781265,78837.77986097336,21.427025,3224000,806000,62.87
404,-0.0059308107,0.4970565,87.94846819333732,39,0.011097969,0.5416015982627869,0.11393749,79028.53020048141,16.848673,3232000,808000,48.74
405,-0.0041396227,0.55156463,93.5463347993046,39,0.009315998,0.751119926571846,0.10390625,79233.35362195969,8.7469635,3240000,810000,53.68
406,-0.000664645,0.64527434,91.26819087095559,40,0.016855817,0.7327724397182465,0.16724999,79433.465331316,11.9872875,3248000,812000,66.29
407,-0.0014252658,0.59174323,81.61554827261716,41,0.02061474,0.5466147363185883,0.16109374,79630.90824317932,26.935343,3256000,814000,53.97
408,-0.0017275484,0.60390884,85.48635006949306,39,0.011376463,0.7699000537395477,0.1164375,79824.98156070709,19.184984,3264000,816000,54.33
409,-0.0039399317,0.56730384,90.85618019234388,36,0.009744021,0.7583344876766205,0.0980625,80026.94371771812,16.153372,3272000,818000,57.32
410,-0.002290381,0.49559906,87.17185875333846,43,0.008483908,0.6775815784931183,0.09768751,80247.95908904076,11.378073,3280000,820000,53.93
411,-0.0032885913,0.48115155,85.87853194527328,36,0.007697007,0.7691158205270767,0.08240626,80431.69471478462,10.740318,3288000,822000,52.1
412,-0.004217254,0.3878979,90.99531155310571,37,0.003961341,0.7989248782396317,0.0441875,80651.12386798859,13.793074,3296000,824000,50.83
413,-0.004522955,0.5837204,90.0712695837766,37,0.009311276,0.8477180749177933,0.10028123,80865.77883386612,18.688326,3304000,826000,60.14
414,-0.004102442,0.63841015,85.90197049550711,40,0.008738857,0.7544855177402496,0.10006251,81078.37507629395,25.690937,3312000,828000,67.37
415,-0.0024115215,0.55439466,83.08739669531583,47,0.018280314,0.762656956911087,0.15387502,81275.43432617188,16.930704,3320000,830000,54.29
416,-0.0016660698,0.5903881,95.18654263980687,34,0.00795769,0.8291645348072052,0.089562505,81445.47527098656,19.838093,3328000,832000,60.63
417,-0.0023379046,0.5624722,86.57218242250383,42,0.012843785,0.6331861019134521,0.13337499,81677.27412605286,17.770048,3336000,834000,55.51
418,-0.0040663755,0.6541464,89.96751109864563,37,0.0068934155,0.8709804266691208,0.08031249,81866.43478608131,10.450271,3344000,836000,64.29
419,-0.005841258,0.59861076,81.58032241057604,34,0.005895766,0.8040734976530075,0.0733125,82076.99819016457,19.997223,3352000,838000,52.08
420,-0.000990287,0.5734736,86.79455988436938,39,0.015634565,0.7179795503616333,0.13856253,82309.7694966793,16.784147,3360000,840000,57.5
421,-0.0027227092,0.54981685,95.55422356523573,38,0.0049637263,0.8323841691017151,0.06103125,82511.62442445755,7.704233,3368000,842000,61.3
422,-0.0022751587,0.5844197,95.34324220493436,38,0.0074741533,0.825286790728569,0.08065625,82718.29194355011,14.460534,3376000,844000,65.99
423,-0.0038264832,0.63272053,85.75124515015632,41,0.01024995,0.8299627900123596,0.10259376,82925.21482753754,9.228222,3384000,846000,58.92
424,-0.0058879526,0.6067619,89.13466325320303,54,0.0083512245,0.8640427887439728,0.100499995,83118.6407148838,5.950063,3392000,848000,57.59
425,-0.006839556,0.5496789,91.65548248451204,44,0.009002511,0.8356612324714661,0.09809377,83266.4079310894,7.330553,3400000,850000,60.36
426,-0.00074034766,0.49105108,92.20664666194469,38,0.035023842,0.7078137099742889,0.17096877,83445.35583043098,12.6745205,3408000,852000,57.01
427,-0.002279855,0.5571798,83.6654344932735,39,0.017295917,0.7879092991352081,0.1536875,83654.68196606636,12.42743,3416000,854000,49.54
428,-0.0038050176,0.63282067,79.92361418955028,38,0.0081754215,0.8099129050970078,0.093281254,83855.80307507515,32.796516,3424000,856000,53.42
429,-0.0020798303,0.624526,92.28283757332713,38,0.010819665,0.833420068025589,0.1214375,84065.30575299263,13.179937,3432000,858000,63.84
430,-0.0029840367,0.587131,85.13127270966768,39,0.0060500274,0.7910641133785248,0.07284376,84275.09167790413,25.206057,3440000,860000,56.41
431,-0.006528902,0.4080096,81.86894375417381,38,0.010636267,0.475946307182312,0.10012498,84475.75004935265,34.87303,3448000,862000,46.74
432,-0.0029803351,0.54832214,88.26228628106415,39,0.00792727,0.6311488449573517,0.093625,84683.4192700386,18.192001,3456000,864000,62.37
433,-0.00013782857,0.52461076,74.98124618496746,38,0.011478848,0.6746634840965271,0.11903129,84885.33389401436,39.62123,3464000,866000,54.3
434,-0.0044702487,0.37836343,93.74680465117098,33,0.012144388,0.6673121452331543,0.112781264,85095.5515654087,20.344439,3472000,868000,49.72
435,-0.0039146426,0.59644115,90.8385571904853,40,0.008387381,0.8330240100622177,0.097218774,85331.44481492043,20.522715,3480000,870000,65.84
436,-0.0012943379,0.46174356,88.59515634007752,42,0.007932111,0.6915320754051208,0.08787499,85527.2750658989,19.732956,3488000,872000,54.87
437,-0.0028033878,0.50841016,88.89965629152954,37,0.014159696,0.8044579178094864,0.12121875,85716.9711830616,11.9823,3496000,874000,53.16
438,-0.0028289058,0.49240333,82.6178587191552,39,0.005920853,0.7150721251964569,0.068624996,85927.98440408707,11.674463,3504000,876000,54.96
439,-0.00299936,0.58901644,82.89202743448317,41,0.008839547,0.8170232027769089,0.096031256,86130.8141515255,20.077545,3512000,878000,60.99
440,-0.0049865027,0.508695,95.61612900275738,41,0.0073944214,0.950398962944746,0.08368751,86324.3285946846,3.3272483,3520000,880000,58.55
441,-0.002044576,0.50135213,94.87103336118162,42,0.0078972615,0.801494300365448,0.08884375,86518.66717219353,6.6695538,3528000,882000,64.35
442,0.0009896907,0.61401856,83.75672304205597,37,0.014880643,0.808009535074234,0.13068749,86706.2121655941,23.305944,3536000,884000,62.74
443,-0.0014625117,0.5690179,92.48147205550224,40,0.013970817,0.829778403043747,0.13587499,86920.6328356266,5.4725733,3544000,886000,65.47
444,0.0014258933,0.5685538,86.48664732262492,46,0.027652556,0.7649605721235275,0.17812498,87118.2887980938,8.626654,3552000,888000,60.58
445,-0.0066101067,0.5931442,86.42147808458657,43,0.0076666703,0.7757008373737335,0.08646876,87289.96483111382,17.160332,3560000,890000,62.8
446,-0.003626782,0.549718,88.05821520257741,39,0.017234841,0.7517967969179153,0.16740626,87475.12302041054,8.89196,3568000,892000,52.6
447,-0.0011271992,0.45843112,98.94074398577213,37,0.0064728316,0.9428744353353977,0.068437494,87675.44940400124,4.4345045,3576000,894000,58.6
448,-0.0011936119,0.5573602,78.92425706978888,47,0.009906478,0.8072893619537354,0.0975,87891.0655784607,17.880947,3584000,896000,51.64
449,-0.004390698,0.56712663,89.93343248613179,52,0.014409897,0.7164965569972992,0.14334376,88058.98079586029,9.3095875,3592000,898000,65.13
450,-0.002677799,0.50381964,92.704218737185,39,0.008054882,0.7661578059196472,0.08406252,88211.94038248062,27.197601,3600000,900000,60.1
451,-0.0020239267,0.48981857,85.13755757570267,46,0.011543172,0.7969904541969299,0.10356249,88414.77721500397,7.8043694,3608000,902000,53.27
452,-0.0041200384,0.44720337,92.26770486369729,39,0.006662227,0.7779133170843124,0.07503124,88587.69421648979,10.57607,3616000,904000,54.44
453,0.00027651273,0.41906238,97.2026220528409,40,0.009482108,0.9210786297917366,0.09853126,88789.42212629318,2.562689,3624000,906000,57.08
454,-0.0019353799,0.5024288,83.80220216613263,41,0.012227724,0.6071340441703796,0.13087498,88987.5688393116,22.173855,3632000,908000,53.57
455,-0.0021231654,0.56587166,87.19258067190647,38,0.006574385,0.7284049987792969,0.077937506,89179.1591193676,12.572071,3640000,910000,56.56
456,-0.0038204917,0.48240477,91.09377655163408,35,0.005868407,0.6271614134311676,0.062625,89385.20747900009,19.313934,3648000,912000,52.28
457,0.00046641493,0.5627858,92.89683741487562,42,0.010564522,0.8364202827215195,0.11609376,89613.48084592819,13.44965,3656000,914000,65.26
458,-0.0041286377,0.4949955,87.45043762970715,39,0.011013482,0.7511046826839447,0.11109376,89803.01209282875,11.278522,3664000,916000,49.82
459,-0.003180163,0.71403503,88.81022945735603,40,0.008493131,0.8882080763578415,0.09293749,90005.86122179031,15.792155,3672000,918000,62.4
460,-0.0064537837,0.5443224,92.29205075901001,38,0.0089606615,0.8041063696146011,0.09499999,90205.58791565895,8.785408,3680000,920000,56.5
461,-0.00017554185,0.5361174,83.87713205769658,45,0.012589632,0.5648761987686157,0.12021874,90415.34030461311,17.613132,3688000,922000,53.96
462,-0.00063955947,0.5493702,96.24291708838194,44,0.010943254,0.879977636039257,0.10665625,90590.64983439445,4.61326,3696000,924000,61.57
463,-0.0032120158,0.6233183,90.34688106689602,42,0.0073559345,0.9062820747494698,0.088281244,90770.73020672798,6.5957985,3704000,926000,60.54
464,-0.004610498,0.49354818,94.97224116247148,35,0.010025017,0.9270061105489731,0.10709377,90958.72315621376,2.5421877,3712000,928000,56.83
465,-0.0055645364,0.602124,85.43574136491866,38,0.0067904675,0.9178779125213623,0.08362499,91181.57893681526,9.268176,3720000,930000,57.16
466,-0.006445624,0.55739427,91.42191904749721,39,0.0074434597,0.7280552089214325,0.0825625,91391.50198054314,18.517273,3728000,932000,63.93
467,-0.0005175677,0.517711,88.88071601245552,42,0.015319331,0.6225858926773071,0.12318751,91592.37008357048,20.043444,3736000,934000,56.88
468,-0.0034314282,0.47169632,93.58312863208353,36,0.0056828405,0.7100951969623566,0.06453126,91780.69252753258,10.972107,3744000,936000,54.45
469,-0.002293582,0.5242017,96.94643212661147,37,0.010922637,0.7927318811416626,0.1235,91998.69555187225,6.73192,3752000,938000,58.57
470,-0.0041847103,0.55347115,88.9335762938112,38,0.0071426677,0.7992747575044632,0.081499994,92209.70798182487,5.8840394,3760000,940000,51.39
471,-0.0034002233,0.53758955,82.01206451054662,38,0.010935622,0.84059077501297,0.10840624,92418.31007933617,12.29977,3768000,942000,51.53
472,-0.0050088777,0.5255789,91.66104412302374,45,0.008151241,0.5641610026359558,0.08753127,92625.20072579384,13.255731,3776000,944000,63.46
473,-0.0019748271,0.51099765,90.18324196960776,43,0.010383996,0.9032973423600197,0.116468765,92802.80809640884,2.2709265,3784000,946000,57.1
474,-0.0027280804,0.5441552,88.64174848049879,45,0.00881344,0.7142802774906158,0.09765625,92986.64132833481,10.194754,3792000,948000,60.53
475,-0.004340437,0.5784145,88.95304095651954,44,0.00882114,0.7117601931095123,0.093562506,93164.08369398117,12.154166,3800000,950000,62.06
476,-0.0054762843,0.6288861,91.82827626463026,37,0.0058284234,0.8138037025928497,0.0695,93342.10131931305,16.837837,3808000,952000,61.64
477,-0.0041311444,0.525133,91.24615409910679,38,0.006724349,0.6736030280590057,0.06940625,93553.17650222778,11.1413355,3816000,954000,54.46
478,-0.0029582663,0.605638,93.44122080165893,36,0.006110278,0.8714653849601746,0.07071876,93762.5105381012,6.7997346,3824000,956000,62.85
479,-0.0026117642,0.46831843,90.12049376975745,41,0.0090091,0.7366069853305817,0.09221874,93980.49192643166,10.64841,3832000,958000,56.29
480,-0.0014908409,0.48170602,95.56015417117625,45,0.00621328,0.8407090902328491,0.069468744,94173.2382338047,4.978672,3840000,960000,58.33
481,-0.0027991903,0.55701226,93.05409550338983,43,0.009469889,0.827095240354538,0.09890625,94350.83561134338,4.594884,3848000,962000,63.78
482,-0.0035432854,0.5400169,93.43034307472408,42,0.00595881,0.7529279589653015,0.0688125,94536.02879929543,10.200512,3856000,964000,60.84
483,-0.003447444,0.5669016,86.42538331460207,37,0.008098262,0.8486093878746033,0.08865626,94724.19671559334,14.721664,3864000,966000,55.37
484,-0.0038572443,0.58414716,89.75975209508091,35,0.0049314005,0.7775329351425171,0.06009376,94937.4478316307,10.69365,3872000,968000,53.9
485,-0.0031688674,0.70638096,85.33172428436578,38,0.004597999,0.8253476917743683,0.05671876,95160.44792103767,21.879354,3880000,970000,63.8
486,-0.005228479,0.5551999,84.78943695809693,46,0.013479167,0.5421059131622314,0.13537501,95367.66518163681,21.644604,3888000,972000,57.34
487,-0.004798813,0.6248222,91.63125826455652,37,0.0056761643,0.674689382314682,0.06596875,95539.37355804443,11.457618,3896000,974000,61.93
488,-0.0025816092,0.53170604,90.10674474190921,46,0.006799743,0.8694298714399338,0.080874994,95753.52881026268,3.1629283,3904000,976000,59.06
489,-0.0028687273,0.52883095,91.65465327300132,42,0.0057380116,0.8479683548212051,0.06559376,95924.38426399231,3.1250412,3912000,978000,55.82
490,-0.0026908664,0.5672038,86.34350534748286,40,0.0075582676,0.9399570487439632,0.07912502,96113.84353113174,11.732545,3920000,980000,58.09
491,-0.002687982,0.4579862,90.1202475072816,35,0.0064547574,0.6487638056278229,0.071062505,96313.37713837624,13.129445,3928000,982000,49.69
492,-0.003187609,0.64526457,84.38339786559344,41,0.007317664,0.8111967444419861,0.08637501,96537.2156317234,15.766279,3936000,984000,59.69
493,-0.0012483497,0.46286798,91.84017795678228,41,0.0055558723,0.7859026491641998,0.057031255,96731.55454182625,6.2135715,3944000,986000,51.17
494,-0.0015350758,0.51830494,82.61854677658528,47,0.0118076,0.7518244832754135,0.117218755,96924.97288060188,9.355243,3952000,988000,55.37
495,-0.0028690444,0.5315716,91.77145476903766,42,0.009144867,0.5684652626514435,0.10896876,97093.78322386742,13.640591,3960000,990000,62.68
496,-0.0028336805,0.5546088,87.32760030277073,44,0.010281314,0.8115497678518295,0.10625,97283.28104710579,5.9817753,3968000,992000,52.92
497,-0.0036108533,0.6049134,88.11505540058016,37,0.007006409,0.8097947537899017,0.07343752,97464.43317198753,5.8250694,3976000,994000,56.49
498,-0.0029351746,0.512132,82.02630473509431,41,0.009034561,0.569380134344101,0.1051875,97679.76825881004,11.886596,3984000,996000,48.45
499,-0.00069028756,0.49454296,92.43210209593177,37,0.004758743,0.7563813030719757,0.050906256,97871.27708888054,9.928245,3992000,998000,56.28
500,-0.0013145995,0.49692082,84.55276705741882,42,0.00440078,0.6501166820526123,0.04840625,98086.46699690819,10.834225,4000000,1000000,51.84
501,-0.003191262,0.54038095,83.05390457544476,46,0.005258391,0.8229998648166656,0.0654375,98275.94218349457,5.0585475,4008000,1002000,57.06
502,-0.0030230344,0.5350215,90.39033855799586,38,0.0035243053,0.8773844167590141,0.0370625,98448.94500875473,8.714644,4016000,1004000,58.71
503,-0.00271931,0.46064535,92.46767140083016,38,0.005625176,0.8192721754312515,0.0655,98654.9493317604,5.5577717,4024000,1006000,53.07
504,-0.002322292,0.4346582,93.98538008343428,39,0.006359943,0.7921341508626938,0.07106251,98865.29537415504,7.959664,4032000,1008000,57.49
505,-0.0031859374,0.55943316,94.04964203730225,38,0.006494211,0.9296090602874756,0.073125,99066.28372001648,6.090268,4040000,1010000,62.64
506,-0.004617458,0.52194846,87.27983565893024,43,0.0062352056,0.7820869088172913,0.069468744,99276.40516400337,21.581696,4048000,1012000,60.58
507,-0.0007743329,0.53422743,85.74976983923465,45,0.00771137,0.5872648656368256,0.08590627,99460.68344068527,12.250859,4056000,1014000,58.15
508,-0.006910571,0.50336343,91.6787019070238,45,0.0077319187,0.6090796589851379,0.08665625,99636.29471254349,14.588952,4064000,1016000,57.9
509,-0.0007720569,0.5052987,85.89264541272074,48,0.005706161,0.8289207518100739,0.06821876,99811.73192739487,3.3671155,4072000,1018000,52.01
510,-0.004391749,0.57570726,89.07266724284739,40,0.0044190125,0.7691691964864731,0.049187507,99977.89346671104,11.559531,4080000,1020000,59.04
511,-0.0029065888,0.6808298,81.64346283938735,37,0.0055604815,0.8445179909467697,0.06756249,100177.2857811451,16.94385,4088000,1022000,59.16
512,-0.0023314832,0.5217143,93.9268612376228,38,0.0046909596,0.9125806614756584,0.05306249,100389.24163866043,6.738361,4096000,1024000,57.09
513,-0.001227732,0.5221328,93.67534914977848,37,0.0059758266,0.8147228211164474,0.076375,100599.3787484169,8.4329815,4104000,1026000,57.3
514,-0.0045565083,0.613598,90.72356709528714,41,0.0046609184,0.7661852985620499,0.050875,100811.92656064034,11.1098175,4112000,1028000,58.9
515,-0.0043919277,0.49075136,93.58719509117306,39,0.006263008,0.6833994686603546,0.070937514,101002.81936001778,10.399351,4120000,1030000,55.21
516,-0.0032399418,0.47485486,96.22769604358822,38,0.004379462,0.7353140711784363,0.04728125,101204.72934103012,8.805923,4128000,1032000,52.41
517,-0.0029984128,0.5207406,94.0540343612805,41,0.006298846,0.9267047941684723,0.08143749,101412.9753177166,1.6796936,4136000,1034000,63.25
518,-0.002964382,0.6814384,91.73384873613715,35,0.00803538,0.8843552768230438,0.09328125,101606.50402712822,10.873274,4144000,1036000,65.68
519,-0.002924221,0.55268043,88.27546067774296,38,0.005598335,0.6743784248828888,0.0704375,101832.03972005844,15.952084,4152000,1038000,59.1
520,-0.002628202,0.5166955,89.71497403480113,42,0.0069025042,0.8868166208267212,0.071125016,102041.97979974747,3.2733202,4160000,1040000,53.51
521,-0.0013013644,0.54732823,91.82520090837032,35,0.0052843224,0.7624352723360062,0.060499996,102229.25893378258,10.2338085,4168000,1042000,54.11
522,-0.004172107,0.52354413,86.73418281771242,37,0.0042833155,0.8075476139783859,0.048656244,102457.32530713081,6.5031304,4176000,1044000,51.45
523,-0.005261673,0.6267162,92.20654789894819,39,0.0066479673,0.8713627755641937,0.07421874,102670.0142827034,10.120527,4184000,1046000,63.52
524,-0.0013647429,0.54641265,86.97017677616329,41,0.012126585,0.6622847020626068,0.11806251,102872.81881904602,8.66549,4192000,1048000,52.11
525,-0.0045707026,0.52214,86.99080674007536,34,0.004209357,0.7904611825942993,0.052437507,103063.9472565651,11.607418,4200000,1050000,50.33
526,-0.0021502047,0.5101128,84.85509338475764,40,0.004479304,0.8159229010343552,0.053249996,103293.44625425339,5.501038,4208000,1052000,53.5
527,-0.0047326004,0.58159316,91.8182029042393,40,0.0040930905,0.8999928534030914,0.052343752,103493.36495161057,8.164631,4216000,1054000,63.19
528,-0.0042088167,0.44036037,94.99684230513871,36,0.0049462197,0.6839627325534821,0.054156262,103691.6353828907,17.235577,4224000,1056000,55.67
529,-0.0033632244,0.483732,95.65865816637874,39,0.005951138,0.755846843123436,0.06493751,103909.81631994247,9.168119,4232000,1058000,57.76
530,-0.003183129,0.6096455,79.08831648752093,39,0.0032996084,0.5648761689662933,0.037062507,104112.62710499763,24.061466,4240000,1060000,55.36
531,-0.0018111663,0.54525703,89.95472434479743,44,0.008625662,0.7448396980762482,0.09524999,104314.67764282227,6.259923,4248000,1062000,59.29
532,-0.005192087,0.5952121,92.46425608929246,40,0.0041613113,0.7866068035364151,0.04368751,104494.64291906357,14.4207115,4256000,1064000,62.06
533,-0.0025324486,0.5419165,89.73729502614587,46,0.007520683,0.813375785946846,0.076593734,104691.16944742203,3.870128,4264000,1066000,59.66
534,-0.0030241355,0.54058886,91.70581055637449,42,0.0034280247,0.9403111413121223,0.03987499,104864.67648768425,1.1299394,4272000,1068000,56.92
535,-0.0037952706,0.4972363,91.91436377234757,36,0.004389117,0.7135908305644989,0.051906247,105052.8978612423,8.550548,4280000,1070000,55.3
536,-0.0017583779,0.47023946,88.90943050593138,39,0.003313057,0.6665386855602264,0.038281247,105269.3987789154,14.235268,4288000,1072000,54.98
537,-0.0042497395,0.60953593,86.59085252877325,37,0.0042565707,0.815695509314537,0.049062505,105472.05139112473,16.498968,4296000,1074000,60.56
538,-0.002163296,0.4603579,88.61684180367737,39,0.0054981783,0.6437132656574249,0.06181249,105684.60043764114,12.636789,4304000,1076000,51.33
539,-0.0031193828,0.52408624,88.9248519787565,56,0.004965108,0.6886871159076691,0.059562497,105885.04404067993,7.482277,4312000,1078000,61.79
540,-0.0045598894,0.4735092,98.14755107939243,39,0.004927474,0.873788058757782,0.055156246,106026.7604291439,4.339665,4320000,1080000,59.04
541,-0.0037606508,0.4778488,97.25948998034,38,0.0034567104,0.7780952304601669,0.042218756,106231.73889350891,10.091811,4328000,1082000,55.27
542,-0.0031245602,0.4955058,87.16363071892411,35,0.0034430048,0.7541903555393219,0.041468747,106437.57772660255,13.15167,4336000,1084000,54.93
543,-0.002768853,0.5743753,92.06873937707394,38,0.0042002737,0.9177165254950523,0.047125004,106661.53008699417,8.616045,4344000,1086000,61.5
544,-0.0033033327,0.50700074,95.21997925218194,38,0.0043359697,0.8943287059664726,0.047343742,106867.9676258564,3.3330379,4352000,1088000,57.68
545,-0.0015607775,0.53547305,92.07695694461465,38,0.0031208608,0.6940478980541229,0.03365625,107073.76037359238,10.039071,4360000,1090000,64.95
546,-0.0025408042,0.50804317,83.92095533084124,45,0.0058862763,0.8503784388303757,0.0695,107283.19893693924,3.168092,4368000,1092000,54.58
547,-0.0040654778,0.6883267,88.91581431690604,41,0.0038968122,0.9368568286299706,0.043437492,107460.68249464035,17.203457,4376000,1094000,67.97
548,-0.003483388,0.60656846,83.47096584830433,35,0.0032153043,0.811102956533432,0.038999993,107655.52379083633,11.646896,4384000,1096000,60.79
549,-0.00059004343,0.38901284,92.49678861871362,42,0.0051243827,0.9217935279011726,0.0590625,107880.73125815392,2.2068224,4392000,1098000,55.15
550,-0.00386157,0.53964806,87.44788711436092,43,0.0026718322,0.6814942061901093,0.028250003,108069.48496627808,8.027563,4400000,1100000,53.05
551,-0.0022767817,0.5033484,91.97969194315374,36,0.0041102674,0.6778496503829956,0.0459375,108255.25993680954,10.902334,4408000,1102000,53.41
552,-0.0030562147,0.47193098,95.2397950617224,39,0.0040662996,0.8761522471904755,0.048375007,108472.17885494232,2.8061793,4416000,1104000,59.14
553,-0.0027113694,0.45980948,85.29870134577155,38,0.0047357366,0.7269249558448792,0.055343747,108676.38655018806,10.005745,4424000,1106000,48.92
554,-0.003665038,0.52918166,91.60752496991307,38,0.0043846206,0.9323231503367424,0.0510625,108885.37433671951,7.6570454,4432000,1108000,58.37
555,-0.0013857121,0.52464724,91.00197799194603,40,0.0028726603,0.746514767408371,0.029906249,109090.89637947083,7.689432,4440000,1110000,61.47
556,-0.002717159,0.46411374,93.6478347415477,38,0.0036423537,0.7222788631916046,0.04884374,109290.7367401123,10.399659,4448000,1112000,54.12
557,-0.0026741503,0.35981292,95.671318997778,38,0.003132132,0.8404396921396255,0.036781248,109497.69841432571,4.7169776,4456000,1114000,50.29
558,-0.0061028306,0.46157062,92.57379431094974,38,0.003543734,0.7108692228794098,0.040531248,109706.0542550087,8.800827,4464000,1116000,59.19
559,-0.0042227204,0.5918936,87.1375502936542,40,0.006499481,0.9087057262659073,0.071125,109915.35355424881,13.076989,4472000,1118000,61.75
560,-0.0050204145,0.539126,81.7942958451435,38,0.005079692,0.5366647243499756,0.05925,110111.20724987984,25.56756,4480000,1120000,56.25
561,-0.0044053355,0.48269916,93.2845860825479,37,0.0046335114,0.769562616944313,0.054468747,110321.71933436394,9.311412,4488000,1122000,55.8
562,-0.0019365837,0.44460306,95.18622972611338,40,0.0030424595,0.7648333460092545,0.03390625,110535.55078172684,7.305808,4496000,1124000,55.62
563,-0.004740174,0.5761519,81.90313537873328,37,0.0044384636,0.671078622341156,0.05428125,110731.77927923203,23.131207,4504000,1126000,55.41
564,-0.001944749,0.41071847,96.57609598707408,37,0.0028257077,0.7652184516191483,0.0331875,110947.30813026428,10.577157,4512000,1128000,52.18
565,-0.0028296446,0.47708783,90.25586391400546,42,0.0052279625,0.9123555645346642,0.0634375,111161.62459540367,1.5608255,4520000,1130000,61.12
566,-0.0020859987,0.46323326,95.05888107877225,40,0.0027421617,0.7211700975894928,0.031250007,111349.79966902733,10.003756,4528000,1132000,56.96
567,-0.0020349391,0.44349962,90.26085139930248,41,0.0042288876,0.6168370544910431,0.04246875,111549.59961509705,14.02797,4536000,1134000,51.74
568,-0.0018024613,0.54136884,87.60115032255649,39,0.0045268647,0.7767227739095688,0.054874998,111740.99044537544,8.070286,4544000,1136000,55.88
569,-0.002826765,0.5095408,92.36044373311103,48,0.004474026,0.9124195203185081,0.050874997,111945.40700054169,1.5371774,4552000,1138000,60.16
570,-0.0014067946,0.492431,94.73172987438738,37,0.004173244,0.6490599513053894,0.049687512,112111.09394407272,12.248066,4560000,1140000,59.89
571,-0.00035712586,0.36462867,92.18553700450808,41,0.0015791277,0.8063273429870605,0.015625,112326.3780040741,5.0262675,4568000,1142000,50.89
572,-0.0032115458,0.44603676,97.6539143063128,36,0.0030437522,0.9506033472716808,0.03371875,112520.3999569416,4.994065,4576000,1144000,55.96
573,-0.0036929941,0.5424929,88.41708815000952,42,0.0033272244,0.7213829755783081,0.036468744,112736.91529631615,15.948508,4584000,1146000,60.7
574,-0.002862544,0.4212519,89.24925127729773,44,0.003916028,0.700861006975174,0.049343754,112926.50385808945,12.827552,4592000,1148000,54.44
575,-0.0005134505,0.5071156,88.42384757284076,43,0.0039826077,0.7210460305213928,0.041375,113104.99006843567,5.241546,4600000,1150000,52.05
576,-0.002187441,0.44246823,91.07581950258464,40,0.0032364633,0.8673320263624191,0.040218756,113290.42663192749,3.2936718,4608000,1152000,52.22
577,-0.002387605,0.53159577,90.29604643583298,36,0.0036855582,0.7430658638477325,0.04846875,113485.68588495255,7.3344145,4616000,1154000,62.64
578,-0.0039141923,0.4428012,90.553155131042,42,0.00293521,0.7137689590454102,0.03746875,113704.64823913574,9.822793,4624000,1156000,55.84
579,-0.001814769,0.42528674,90.47770997915417,40,0.0023658688,0.8533614277839661,0.029156249,113892.18478751183,4.1110883,4632000,1158000,54.09
580,-0.0025488457,0.5163252,93.05233118381351,38,0.002243061,0.936010979115963,0.02371875,114091.08424592018,7.5015693,4640000,1160000,61.34
581,-0.0030161042,0.55751747,93.115743544437,37,0.00213497,0.8952469900250435,0.02234375,114296.57993531227,7.451395,4648000,1162000,53.72
582,-0.0014811236,0.42948347,89.23573594696819,38,0.0011582255,0.7890381813049316,0.011937499,114508.50805902481,6.913781,4656000,1164000,53.29
583,-0.0043855053,0.4811282,91.30246579833329,40,0.0022392878,0.8641401529312134,0.02359375,114715.3947892189,5.2585,4664000,1166000,55.61
584,-0.0029546465,0.47662526,92.1227246164158,39,0.003271985,0.8371745944023132,0.038,114913.9874830246,4.8382626,4672000,1168000,57.0
585,-0.0013319671,0.40234736,94.15303233034909,36,0.001652484,0.8261142373085022,0.014093748,115114.52588677406,5.162593,4680000,1170000,48.42
586,-0.002000004,0.4057352,95.19583675522357,40,0.0022463645,0.9327634647488594,0.024156254,115332.9816570282,2.0851479,4688000,1172000,57.24
587,-0.0019711861,0.41586027,89.53102098509669,42,0.0017769561,0.8136348128318787,0.01821875,115531.61567187309,5.3892655,4696000,1174000,49.88
588,-0.00073944667,0.5034001,91.53912004459649,36,0.001434745,0.6489282846450806,0.011781252,115718.54681563377,10.270457,4704000,1176000,59.85
589,-0.00095736515,0.462309,84.45015721604229,47,0.0016862337,0.6273274123668671,0.01865625,115939.17578601837,9.143594,4712000,1178000,52.95
590,-0.0020278713,0.49036467,89.4739418207854,37,0.0023191401,0.8954627215862274,0.025218746,116108.15342402458,2.6485999,4720000,1180000,55.59
591,-0.0021131902,0.5021929,90.16124553013593,42,0.0025131716,0.6764247715473175,0.02634375,116320.61122465134,9.538798,4728000,1182000,54.22
592,-0.0021736727,0.5685103,89.32242313403636,38,0.002694338,0.9155494570732117,0.031125002,116510.13557600975,9.817538,4736000,1184000,50.02
593,-0.0016730094,0.35224926,93.12298074990511,36,0.0017320155,0.760821744799614,0.014125003,116715.73911166191,10.667936,4744000,1186000,48.29
594,-0.001085056,0.44226813,92.32585124209523,32,0.0012590223,0.8867980316281319,0.00990625,116937.59460139275,6.027729,4752000,1188000,52.55
595,-0.002511819,0.59081054,86.38312098968774,42,0.0022007143,0.7992484271526337,0.021624995,117185.77348923683,18.615582,4760000,1190000,63.11
596,-0.0005927391,0.4416439,86.1128059423715,40,0.0009791424,0.7287449836730957,0.0072499984,117375.12288212776,8.176988,4768000,1192000,52.12
597,-0.0014552781,0.47077662,83.94684460796415,48,0.00255305,0.5945484936237335,0.0310625,117570.37950325012,12.761349,4776000,1194000,50.54
598,-0.0013134116,0.5531404,87.6675193637237,37,0.002327597,0.7758593410253525,0.023875,117735.06577944756,6.752551,4784000,1196000,59.17
599,-0.0031731394,0.42327884,89.41582760784775,38,0.0028590823,0.8086773306131363,0.030687498,117947.73416996002,6.127199,4792000,1198000,52.28
600,-0.00066722103,0.45705125,89.73312582742423,40,0.0009940044,0.7469235956668854,0.006375001,118157.95400190353,7.328335,4800000,1200000,51.35
601,-0.0030556223,0.5181473,87.57975574970246,40,0.0018892174,0.7309745252132416,0.019656252,118353.51058673859,10.21538,4808000,1202000,61.93
602,-0.003341621,0.47527054,87.17861594259739,47,0.0023832675,0.899397186934948,0.027093751,118552.86450242996,1.9191251,4816000,1204000,57.24
603,-0.0019042529,0.5383796,88.06650068178773,43,0.0023349307,0.7978365272283554,0.026906252,118720.20426297188,14.982604,4824000,1206000,56.89
604,-0.0015339396,0.506206,87.45638996228575,41,0.0016122542,0.7357667684555054,0.013124999,118905.59735107422,7.611938,4832000,1208000,54.77
605,-0.0023777683,0.52750766,81.9830432350561,38,0.0015650988,0.8450175225734711,0.01371875,119099.5656850338,13.541942,4840000,1210000,52.16
606,-0.0044737416,0.50117207,93.16404622267932,41,0.0030010045,0.7427645623683929,0.032343753,119306.23815822601,14.940879,4848000,1212000,63.37
607,-0.0009612278,0.4534448,96.09627402875573,40,0.0013606119,0.9157505333423615,0.012562499,119496.8942129612,2.1945455,4856000,1214000,59.27
608,-0.00019692397,0.4210572,90.26417988039553,35,0.0008259217,0.8643212616443634,0.0046874993,119692.30637931824,5.8381076,4864000,1216000,50.72
609,-0.0018985952,0.3923472,93.7349443602562,34,0.001477067,0.7984111905097961,0.016906248,119916.78415989876,8.011376,4872000,1218000,51.24
610,-0.00308005,0.5638706,86.32634846772999,35,0.0028673431,0.9181929007172585,0.033937503,120147.23570919037,8.649335,4880000,1220000,54.25
611,-0.000744113,0.37840608,90.13978966061026,35,0.0011569093,0.877901166677475,0.0101562515,120369.62934970856,4.578298,4888000,1222000,47.63
612,-0.0029304668,0.6700836,87.57224472027272,43,0.0011507274,0.9172340482473373,0.0096875,120596.51610183716,15.672112,4896000,1224000,64.36
613,-0.0009987192,0.48631445,93.75176866415887,42,0.000985758,0.835338294506073,0.0063437507,120778.8832154274,4.99716,4904000,1226000,59.35
614,-0.00041590212,0.5032202,87.52069482140243,41,0.00097039534,0.7692924290895462,0.0044062505,120965.8102338314,5.2894764,4912000,1228000,60.04
615,-0.0023367333,0.56958085,93.55014550518244,39,0.0012267091,0.8407509028911591,0.01184375,121159.20208525658,7.906407,4920000,1230000,65.28
616,-0.0013088982,0.55963844,90.02240062750876,40,0.0007335496,0.9379257000982761,0.0037812495,121364.13028168678,5.408648,4928000,1232000,60.5
617,-0.0005960775,0.48593804,85.20973632611334,41,0.000920944,0.7188747525215149,0.0065937517,121560.48494005203,14.3663025,4936000,1234000,48.66
618,-0.0015948928,0.47218904,92.87161821428687,38,0.000985742,0.7990207970142365,0.009031249,121754.76860761642,6.271423,4944000,1236000,56.01
619,-0.0015974215,0.45690203,94.52180264357477,37,0.00053568947,0.8641865402460098,0.0042812503,121961.12874865532,4.1659994,4952000,1238000,59.62
620,-0.00012515557,0.47667626,85.53113704107702,36,0.00032557859,0.7780150026082993,0.0018124996,122173.03918361664,13.503698,4960000,1240000,47.96
621,-0.0008310072,0.48485976,88.03628786008805,47,0.00068351254,0.8428609520196915,0.0050625,122391.02979850769,3.278548,4968000,1242000,58.73
622,-0.0011303668,0.5760663,86.79128687467426,36,0.0010094636,0.8967720791697502,0.0060625,122558.60057377815,11.411897,4976000,1244000,57.54
623,-0.0015398512,0.4165257,98.17187180273235,39,0.0008788295,0.8173397332429886,0.0058750003,122775.60974383354,9.368307,4984000,1246000,56.17
624,-0.002441131,0.44436908,94.0260417573899,38,0.00058983604,0.7132375240325928,0.0035937498,122977.23600459099,14.848001,4992000,1248000,55.6
625,-0.00060681335,0.50491685,87.50770990286023,42,0.0003825157,0.8911257907748222,0.00115625,123186.77128791809,2.588506,5000000,1250000,57.29
